-- create the user to access the database
CREATE USER IF NOT EXISTS 'user'
IDENTIFIED BY 'password';

-- grant privileges to the user
GRANT ALL PRIVILEGES
ON *.*
TO 'user'
WITH GRANT OPTION;

-- flush
FLUSH PRIVILEGES;

-- create database
CREATE DATABASE IF NOT EXISTS TFEmployee;


-- use the database
USE TFEmployee;



SET SQL_MODE = "NO_AUTO_VALUE_ON_ZERO";
START TRANSACTION;
SET time_zone = "+00:00";


--
-- Database: `TFEmployee`
--

-- --------------------------------------------------------

--
-- Stand-in structure for view `dataset_2018`
-- (See below for the actual view)
--
CREATE TABLE `dataset_2018` (
`market` varchar(20)
,`op_type` varchar(10)
,`profit` decimal(6,5)
,`sector` varchar(20)
,`system_code` decimal(3,2)
,`system_name` varchar(20)
,`trade_date` date
,`trade_id` int
,`trade_identifier` varchar(20)
);

-- --------------------------------------------------------

--
-- Stand-in structure for view `dataset_2019`
-- (See below for the actual view)
--
CREATE TABLE `dataset_2019` (
`market` varchar(20)
,`op_type` varchar(10)
,`profit` decimal(6,5)
,`sector` varchar(20)
,`system_code` decimal(3,2)
,`system_name` varchar(20)
,`trade_date` date
,`trade_id` int
,`trade_identifier` varchar(20)
);

-- --------------------------------------------------------

--
-- Stand-in structure for view `dataset_2020`
-- (See below for the actual view)
--
CREATE TABLE `dataset_2020` (
`market` varchar(20)
,`op_type` varchar(10)
,`profit` decimal(6,5)
,`sector` varchar(20)
,`system_code` decimal(3,2)
,`system_name` varchar(20)
,`trade_date` date
,`trade_id` int
,`trade_identifier` varchar(20)
);

-- --------------------------------------------------------

--
-- Stand-in structure for view `dataset_2021`
-- (See below for the actual view)
--
CREATE TABLE `dataset_2021` (
`market` varchar(20)
,`op_type` varchar(10)
,`profit` decimal(6,5)
,`sector` varchar(20)
,`system_code` decimal(3,2)
,`system_name` varchar(20)
,`trade_date` date
,`trade_id` int
,`trade_identifier` varchar(20)
);

-- --------------------------------------------------------

--
-- Stand-in structure for view `dataset_2022`
-- (See below for the actual view)
--
CREATE TABLE `dataset_2022` (
`market` varchar(20)
,`op_type` varchar(10)
,`profit` decimal(6,5)
,`sector` varchar(20)
,`system_code` decimal(3,2)
,`system_name` varchar(20)
,`trade_date` date
,`trade_id` int
,`trade_identifier` varchar(20)
);

-- --------------------------------------------------------

--
-- Table structure for table `Market`
--

CREATE TABLE `Market` (
  `market_id` int NOT NULL,
  `market_name` varchar(20) DEFAULT NULL,
  `sector_id` int DEFAULT NULL
) ENGINE=InnoDB DEFAULT CHARSET=utf8mb4 COLLATE=utf8mb4_0900_ai_ci;

--
-- Dumping data for table `Market`
--

INSERT INTO `Market` (`market_id`, `market_name`, `sector_id`) VALUES
(1, 'XauUsd', 1),
(2, 'EurUsd', 2),
(3, 'Palladium', 1),
(4, 'Cotton', 3),
(5, 'SP500', 4),
(6, 'Fra40', 4),
(7, 'Sugar', 3),
(8, 'UsdJpy', 2),
(9, 'Coffee', 3),
(10, 'EurGbp', 2),
(11, 'EUBund', 5),
(12, 'UKGilt', 5),
(13, 'US10yr', 5),
(14, 'Copper', 1);

-- --------------------------------------------------------

--
-- Table structure for table `Operation`
--

CREATE TABLE `Operation` (
  `op_id` int NOT NULL,
  `op_type` varchar(10) DEFAULT NULL
) ENGINE=InnoDB DEFAULT CHARSET=utf8mb4 COLLATE=utf8mb4_0900_ai_ci;

--
-- Dumping data for table `Operation`
--

INSERT INTO `Operation` (`op_id`, `op_type`) VALUES
(1, 'buy'),
(2, 'sell'),
(3, 'close');

-- --------------------------------------------------------

--
-- Table structure for table `Sector`
--

CREATE TABLE `Sector` (
  `sector_id` int NOT NULL,
  `sector_name` varchar(20) DEFAULT NULL
) ENGINE=InnoDB DEFAULT CHARSET=utf8mb4 COLLATE=utf8mb4_0900_ai_ci;

--
-- Dumping data for table `Sector`
--

INSERT INTO `Sector` (`sector_id`, `sector_name`) VALUES
(1, 'Non-Agric'),
(2, 'Forex'),
(3, 'Agric'),
(4, 'Indices'),
(5, 'Fixed-income');

-- --------------------------------------------------------

--
-- Stand-in structure for view `todays_closed_trades`
-- (See below for the actual view)
--
CREATE TABLE `todays_closed_trades` (
`market` varchar(20)
,`op_type` varchar(10)
,`profit` decimal(6,5)
,`sector` varchar(20)
,`system_code` decimal(3,2)
,`system_name` varchar(20)
,`trade_date` date
,`trade_id` int
,`trade_identifier` varchar(20)
);

-- --------------------------------------------------------

--
-- Table structure for table `Trading_operation`
--

CREATE TABLE `Trading_operation` (
  `trade_id` int NOT NULL,
  `trade_identifier` varchar(20) DEFAULT NULL,
  `trade_date` date DEFAULT NULL,
  `operation_id` int DEFAULT NULL,
  `system_id` int DEFAULT NULL,
  `market_id` int DEFAULT NULL,
  `profit` decimal(6,5) DEFAULT NULL
) ENGINE=InnoDB DEFAULT CHARSET=utf8mb4 COLLATE=utf8mb4_0900_ai_ci;

--
-- Dumping data for table `Trading_operation`
--

INSERT INTO `Trading_operation` (`trade_id`, `trade_identifier`, `trade_date`, `operation_id`, `system_id`, `market_id`, `profit`) VALUES
(1, 'Sys1.1XauUsd1', '2018-01-02', 1, 2, 1, '0.00000'),
(2, 'Sys1.1EurUsd1', '2018-01-02', 1, 2, 2, '0.00000'),
(3, 'Sys1.0Palladium1', '2018-01-02', 1, 1, 3, '0.00000'),
(4, 'Sys1.0XauUsd1', '2018-01-02', 1, 1, 1, '0.00000'),
(5, 'Sys1.0EurUsd1', '2018-01-02', 1, 1, 2, '0.00000'),
(6, 'Sys1.0Cotton1', '2018-01-02', 1, 1, 4, '0.00000'),
(7, 'Sys2.1XauUsd1', '2018-01-02', 1, 4, 1, '0.00000'),
(8, 'Sys2.1EurUsd1', '2018-01-02', 1, 4, 2, '0.00000'),
(9, 'Sys2.0Palladium1', '2018-01-02', 1, 3, 3, '0.00000'),
(10, 'Sys2.0XauUsd1', '2018-01-02', 1, 3, 1, '0.00000'),
(11, 'Sys2.0EurUsd1', '2018-01-02', 1, 3, 2, '0.00000'),
(12, 'Sys2.0Cotton1', '2018-01-02', 1, 3, 4, '0.00000'),
(13, 'Sys1.1Palladium1', '2018-01-03', 1, 2, 3, '0.00000'),
(14, 'Sys1.0SP5001', '2018-01-03', 1, 1, 5, '0.00000'),
(15, 'Sys2.1Palladium1', '2018-01-03', 1, 4, 3, '0.00000'),
(16, 'Sys2.0SP5001', '2018-01-03', 1, 3, 5, '0.00000'),
(17, 'Sys1.1SP5001', '2018-01-04', 1, 2, 5, '0.00000'),
(18, 'Sys2.1SP5001', '2018-01-04', 1, 4, 5, '0.00000'),
(19, 'Sys1.0Fra401', '2018-01-09', 1, 1, 6, '0.00000'),
(20, 'Sys2.0Fra401', '2018-01-09', 1, 3, 6, '0.00000'),
(21, 'Sys1.1Cotton1', '2018-01-12', 1, 2, 4, '0.00000'),
(22, 'Sys2.1Cotton1', '2018-01-12', 1, 4, 4, '0.00000'),
(23, 'Sys1.0Sugar1', '2018-01-16', 2, 1, 7, '0.00000'),
(24, 'Sys2.0Sugar1', '2018-01-16', 2, 3, 7, '0.00000'),
(25, 'Sys1.1Sugar1', '2018-01-17', 2, 2, 7, '0.00000'),
(26, 'Sys1.0UsdJpy1', '2018-01-17', 2, 1, 8, '0.00000'),
(27, 'Sys2.1Sugar1', '2018-01-17', 2, 4, 7, '0.00000'),
(28, 'Sys2.0UsdJpy1', '2018-01-17', 2, 3, 8, '0.00000'),
(29, 'Sys1.1Fra401', '2018-01-23', 1, 2, 6, '0.00000'),
(30, 'Sys2.1Fra401', '2018-01-23', 1, 4, 6, '0.00000'),
(31, 'Sys1.1UsdJpy1', '2018-01-25', 2, 2, 8, '0.00000'),
(32, 'Sys2.1UsdJpy1', '2018-01-25', 2, 4, 8, '0.00000'),
(33, 'Sys1.1Cotton1', '2018-01-30', 3, 2, 4, '-0.00356'),
(34, 'Sys2.1Cotton1', '2018-01-30', 3, 4, 4, '-0.00356'),
(35, 'Sys2.0Palladium1', '2018-01-31', 3, 3, 3, '-0.00123'),
(36, 'Sys2.0Cotton1', '2018-01-31', 3, 3, 4, '-0.00176'),
(37, 'Sys1.1Palladium1', '2018-02-01', 3, 2, 3, '-0.00319'),
(38, 'Sys2.1Palladium1', '2018-02-01', 3, 4, 3, '-0.00280'),
(39, 'Sys1.1Fra401', '2018-02-02', 3, 2, 6, '-0.00340'),
(40, 'Sys2.1Fra401', '2018-02-02', 3, 4, 6, '-0.00340'),
(41, 'Sys1.1SP5001', '2018-02-05', 3, 2, 5, '-0.00391'),
(42, 'Sys1.0SP5001', '2018-02-05', 3, 1, 5, '-0.00391'),
(43, 'Sys1.0Fra401', '2018-02-05', 3, 1, 6, '-0.00339'),
(44, 'Sys2.1SP5001', '2018-02-05', 3, 4, 5, '-0.00391'),
(45, 'Sys2.0SP5001', '2018-02-05', 3, 3, 5, '-0.00185'),
(46, 'Sys2.0Fra401', '2018-02-05', 3, 3, 6, '-0.00339'),
(47, 'Sys1.0Palladium1', '2018-02-07', 3, 1, 3, '-0.00315'),
(48, 'Sys1.0Coffee1', '2018-02-16', 2, 1, 9, '0.00000'),
(49, 'Sys2.0Coffee1', '2018-02-16', 2, 3, 9, '0.00000'),
(50, 'Sys1.1Coffee1', '2018-02-20', 2, 2, 9, '0.00000'),
(51, 'Sys2.1Coffee1', '2018-02-20', 2, 4, 9, '0.00000'),
(52, 'Sys2.0EurUsd1', '2018-02-28', 3, 3, 2, '0.00184'),
(53, 'Sys2.1EurUsd1', '2018-03-01', 3, 4, 2, '0.00184'),
(54, 'Sys2.0XauUsd1', '2018-03-01', 3, 3, 1, '-0.00248'),
(55, 'Sys2.0Coffee1', '2018-03-01', 3, 3, 9, '-0.00238'),
(56, 'Sys1.0EurGbp1', '2018-03-02', 1, 1, 10, '0.00000'),
(57, 'Sys2.1Coffee1', '2018-03-02', 3, 4, 9, '-0.00123'),
(58, 'Sys2.0EurGbp1', '2018-03-02', 1, 3, 10, '0.00000'),
(59, 'Sys2.0Cotton2', '2018-03-05', 1, 3, 4, '0.00000'),
(60, 'Sys2.0EurGbp1', '2018-03-19', 3, 3, 10, '-0.00281'),
(61, 'Sys1.0EurGbp1', '2018-03-22', 3, 1, 10, '-0.00407'),
(62, 'Sys2.0Cotton2', '2018-04-04', 3, 3, 4, '-0.00216'),
(63, 'Sys2.0UsdJpy1', '2018-04-05', 3, 3, 8, '0.00157'),
(64, 'Sys2.1UsdJpy1', '2018-04-06', 3, 4, 8, '-0.00022'),
(65, 'Sys2.0XauUsd2', '2018-04-11', 1, 3, 1, '0.00000'),
(66, 'Sys1.0EurGbp2', '2018-04-12', 2, 1, 10, '0.00000'),
(67, 'Sys2.0EurGbp2', '2018-04-12', 2, 3, 10, '0.00000'),
(68, 'Sys1.1EurGbp1', '2018-04-13', 2, 2, 10, '0.00000'),
(69, 'Sys2.1EurGbp1', '2018-04-13', 2, 4, 10, '0.00000'),
(70, 'Sys2.0Coffee2', '2018-04-16', 2, 3, 9, '0.00000'),
(71, 'Sys2.1Coffee2', '2018-04-17', 2, 4, 9, '0.00000'),
(72, 'Sys1.1Fra402', '2018-04-19', 1, 2, 6, '0.00000'),
(73, 'Sys1.0Fra402', '2018-04-19', 1, 1, 6, '0.00000'),
(74, 'Sys2.1Fra402', '2018-04-19', 1, 4, 6, '0.00000'),
(75, 'Sys2.0Fra402', '2018-04-19', 1, 3, 6, '0.00000'),
(76, 'Sys2.0EurGbp2', '2018-04-27', 3, 3, 10, '-0.00296'),
(77, 'Sys2.0Coffee2', '2018-04-27', 3, 3, 9, '-0.00158'),
(78, 'Sys2.1EurGbp1', '2018-04-30', 3, 4, 10, '-0.00323'),
(79, 'Sys2.1Coffee2', '2018-04-30', 3, 4, 9, '-0.00239'),
(80, 'Sys2.0XauUsd2', '2018-04-30', 3, 3, 1, '-0.00337'),
(81, 'Sys2.1XauUsd1', '2018-05-01', 3, 4, 1, '-0.00302'),
(82, 'Sys1.1EurGbp1', '2018-05-03', 3, 2, 10, '-0.00388'),
(83, 'Sys1.0EurGbp2', '2018-05-03', 3, 1, 10, '-0.00387'),
(84, 'Sys1.1EurUsd1', '2018-05-18', 3, 2, 2, '-0.00486'),
(85, 'Sys1.0EurUsd1', '2018-05-18', 3, 1, 2, '-0.00507'),
(86, 'Sys1.0EurUsd2', '2018-05-18', 2, 1, 2, '0.00000'),
(87, 'Sys2.0EurUsd2', '2018-05-18', 2, 3, 2, '0.00000'),
(88, 'Sys2.0Sugar1', '2018-05-21', 3, 3, 7, '0.00355'),
(89, 'Sys2.0Cotton3', '2018-05-21', 1, 3, 4, '0.00000'),
(90, 'Sys1.1Cotton2', '2018-05-22', 1, 2, 4, '0.00000'),
(91, 'Sys2.1Cotton2', '2018-05-22', 1, 4, 4, '0.00000'),
(92, 'Sys1.0EUBund1', '2018-05-23', 1, 1, 11, '0.00000'),
(93, 'Sys2.0EUBund1', '2018-05-23', 1, 3, 11, '0.00000'),
(94, 'Sys1.1EurUsd2', '2018-05-24', 2, 2, 2, '0.00000'),
(95, 'Sys2.1EurUsd2', '2018-05-24', 2, 4, 2, '0.00000'),
(96, 'Sys2.1Sugar1', '2018-05-24', 3, 4, 7, '0.00296'),
(97, 'Sys1.1EUBund1', '2018-05-25', 1, 2, 11, '0.00000'),
(98, 'Sys1.0UKGilt1', '2018-05-25', 1, 1, 12, '0.00000'),
(99, 'Sys2.1EUBund1', '2018-05-25', 1, 4, 11, '0.00000'),
(100, 'Sys2.0UKGilt1', '2018-05-25', 1, 3, 12, '0.00000'),
(101, 'Sys1.1XauUsd1', '2018-05-28', 3, 2, 1, '-0.00559'),
(102, 'Sys1.0XauUsd1', '2018-05-28', 3, 1, 1, '-0.00633'),
(103, 'Sys1.1UKGilt1', '2018-05-29', 1, 2, 12, '0.00000'),
(104, 'Sys2.1UKGilt1', '2018-05-29', 1, 4, 12, '0.00000'),
(105, 'Sys1.0US10yr1', '2018-05-30', 1, 1, 13, '0.00000'),
(106, 'Sys2.0US10yr1', '2018-05-30', 1, 3, 13, '0.00000'),
(107, 'Sys1.0SP5002', '2018-06-04', 1, 1, 5, '0.00000'),
(108, 'Sys1.0US10yr1', '2018-06-04', 3, 1, 13, '-0.00353'),
(109, 'Sys2.0SP5002', '2018-06-04', 1, 3, 5, '0.00000'),
(110, 'Sys2.0US10yr1', '2018-06-04', 3, 3, 13, '-0.00353'),
(111, 'Sys1.1SP5002', '2018-06-05', 1, 2, 5, '0.00000'),
(112, 'Sys1.0Copper1', '2018-06-05', 1, 1, 14, '0.00000'),
(113, 'Sys2.1SP5002', '2018-06-05', 1, 4, 5, '0.00000'),
(114, 'Sys2.0Copper1', '2018-06-05', 1, 3, 14, '0.00000'),
(115, 'Sys1.1Copper1', '2018-06-06', 1, 2, 14, '0.00000'),
(116, 'Sys2.1Copper1', '2018-06-06', 1, 4, 14, '0.00000'),
(117, 'Sys1.1UKGilt1', '2018-06-07', 3, 2, 12, '-0.00457'),
(118, 'Sys2.1UKGilt1', '2018-06-07', 3, 4, 12, '-0.00457'),
(119, 'Sys1.0XauUsd2', '2018-06-15', 2, 1, 1, '0.00000'),
(120, 'Sys2.0XauUsd3', '2018-06-15', 2, 3, 1, '0.00000'),
(121, 'Sys2.0Coffee3', '2018-06-15', 2, 3, 9, '0.00000'),
(122, 'Sys1.1XauUsd2', '2018-06-18', 2, 2, 1, '0.00000'),
(123, 'Sys2.1XauUsd2', '2018-06-18', 2, 4, 1, '0.00000'),
(124, 'Sys2.1Coffee3', '2018-06-19', 2, 4, 9, '0.00000'),
(125, 'Sys2.0Fra402', '2018-06-21', 3, 3, 6, '-0.00045'),
(126, 'Sys2.1Fra402', '2018-06-22', 3, 4, 6, '-0.00093'),
(127, 'Sys1.1Copper1', '2018-06-25', 3, 2, 14, '-0.00359'),
(128, 'Sys1.1UsdJpy1', '2018-06-25', 3, 2, 8, '-0.00766'),
(129, 'Sys1.0Copper1', '2018-06-25', 3, 1, 14, '-0.00358'),
(130, 'Sys1.0UsdJpy1', '2018-06-25', 3, 1, 8, '-0.00827'),
(131, 'Sys2.1Copper1', '2018-06-25', 3, 4, 14, '-0.00359'),
(132, 'Sys2.0Copper1', '2018-06-25', 3, 3, 14, '-0.00309'),
(133, 'Sys1.0Palladium2', '2018-06-26', 2, 1, 3, '0.00000'),
(134, 'Sys2.0Palladium2', '2018-06-26', 2, 3, 3, '0.00000'),
(135, 'Sys1.0Copper2', '2018-06-28', 2, 1, 14, '0.00000'),
(136, 'Sys2.0Copper2', '2018-06-28', 2, 3, 14, '0.00000'),
(137, 'Sys2.0Cotton3', '2018-06-28', 3, 3, 4, '-0.00126'),
(138, 'Sys2.1Cotton2', '2018-06-29', 3, 4, 4, '-0.00127'),
(139, 'Sys1.1Copper2', '2018-07-03', 2, 2, 14, '0.00000'),
(140, 'Sys2.1Copper2', '2018-07-03', 2, 4, 14, '0.00000'),
(141, 'Sys1.1Fra402', '2018-07-04', 3, 2, 6, '-0.00101'),
(142, 'Sys1.0Fra402', '2018-07-04', 3, 1, 6, '-0.00101'),
(143, 'Sys1.0UsdJpy2', '2018-07-11', 1, 1, 8, '0.00000'),
(144, 'Sys2.0UsdJpy2', '2018-07-11', 1, 3, 8, '0.00000'),
(145, 'Sys1.1UsdJpy2', '2018-07-12', 1, 2, 8, '0.00000'),
(146, 'Sys2.1UsdJpy2', '2018-07-12', 1, 4, 8, '0.00000'),
(147, 'Sys2.0Sugar2', '2018-07-12', 2, 3, 7, '0.00000'),
(148, 'Sys2.1Sugar2', '2018-07-16', 2, 4, 7, '0.00000'),
(149, 'Sys1.1Palladium2', '2018-07-17', 2, 2, 3, '0.00000'),
(150, 'Sys2.1Palladium2', '2018-07-17', 2, 4, 3, '0.00000'),
(151, 'Sys1.1EurGbp2', '2018-07-20', 1, 2, 10, '0.00000'),
(152, 'Sys1.0EurGbp3', '2018-07-20', 1, 1, 10, '0.00000'),
(153, 'Sys2.1EurGbp2', '2018-07-20', 1, 4, 10, '0.00000'),
(154, 'Sys2.0EurGbp3', '2018-07-20', 1, 3, 10, '0.00000'),
(155, 'Sys2.0EUBund1', '2018-07-30', 3, 3, 11, '0.00349'),
(156, 'Sys2.0UKGilt1', '2018-07-30', 3, 3, 12, '-0.00089'),
(157, 'Sys2.1EUBund1', '2018-07-31', 3, 4, 11, '0.00229'),
(158, 'Sys2.0EUBund2', '2018-08-10', 1, 3, 11, '0.00000'),
(159, 'Sys2.0UsdJpy2', '2018-08-13', 3, 3, 8, '-0.00230'),
(160, 'Sys2.1EUBund2', '2018-08-14', 1, 4, 11, '0.00000'),
(161, 'Sys1.0US10yr2', '2018-08-15', 1, 1, 13, '0.00000'),
(162, 'Sys2.0US10yr2', '2018-08-15', 1, 3, 13, '0.00000'),
(163, 'Sys1.1US10yr1', '2018-08-21', 1, 2, 13, '0.00000'),
(164, 'Sys2.1UsdJpy2', '2018-08-21', 3, 4, 8, '-0.00394'),
(165, 'Sys2.1US10yr1', '2018-08-21', 1, 4, 13, '0.00000'),
(166, 'Sys2.0Palladium2', '2018-08-24', 3, 3, 3, '-0.00022'),
(167, 'Sys2.1Palladium2', '2018-08-28', 3, 4, 3, '-0.00164'),
(168, 'Sys1.1Palladium2', '2018-09-04', 3, 2, 3, '-0.00319'),
(169, 'Sys2.1EUBund2', '2018-09-05', 3, 4, 11, '-0.00480'),
(170, 'Sys2.0EUBund2', '2018-09-05', 3, 3, 11, '-0.00513'),
(171, 'Sys2.0Sugar2', '2018-09-10', 3, 3, 7, '-0.00005'),
(172, 'Sys1.1US10yr1', '2018-09-11', 3, 2, 13, '-0.00273'),
(173, 'Sys1.0US10yr2', '2018-09-11', 3, 1, 13, '-0.00248'),
(174, 'Sys2.1Sugar2', '2018-09-11', 3, 4, 7, '-0.00088'),
(175, 'Sys2.1US10yr1', '2018-09-11', 3, 4, 13, '-0.00273'),
(176, 'Sys2.0EurGbp3', '2018-09-11', 3, 3, 10, '-0.00173'),
(177, 'Sys2.0US10yr2', '2018-09-11', 3, 3, 13, '-0.00248'),
(178, 'Sys1.1EUBund1', '2018-09-14', 3, 2, 11, '-0.00152'),
(179, 'Sys1.0EUBund1', '2018-09-14', 3, 1, 11, '-0.00044'),
(180, 'Sys1.0EUBund2', '2018-09-14', 2, 1, 11, '0.00000'),
(181, 'Sys2.0EUBund3', '2018-09-14', 2, 3, 11, '0.00000'),
(182, 'Sys1.1EUBund2', '2018-09-17', 2, 2, 11, '0.00000'),
(183, 'Sys1.0US10yr3', '2018-09-17', 2, 1, 13, '0.00000'),
(184, 'Sys2.1EUBund3', '2018-09-17', 2, 4, 11, '0.00000'),
(185, 'Sys2.0US10yr3', '2018-09-17', 2, 3, 13, '0.00000'),
(186, 'Sys1.1Cotton2', '2018-09-18', 3, 2, 4, '-0.00397'),
(187, 'Sys2.0Copper2', '2018-09-18', 3, 3, 14, '0.00342'),
(188, 'Sys1.1US10yr2', '2018-09-19', 2, 2, 13, '0.00000'),
(189, 'Sys1.0Palladium2', '2018-09-19', 3, 1, 3, '-0.00327'),
(190, 'Sys1.0UKGilt1', '2018-09-19', 3, 1, 12, '-0.00433'),
(191, 'Sys2.1EurGbp2', '2018-09-19', 3, 4, 10, '-0.00208'),
(192, 'Sys2.1US10yr2', '2018-09-19', 2, 4, 13, '0.00000'),
(193, 'Sys1.1Palladium3', '2018-09-20', 1, 2, 3, '0.00000'),
(194, 'Sys1.1UKGilt2', '2018-09-20', 2, 2, 12, '0.00000'),
(195, 'Sys1.0Palladium3', '2018-09-20', 1, 1, 3, '0.00000'),
(196, 'Sys1.0UKGilt2', '2018-09-20', 2, 1, 12, '0.00000'),
(197, 'Sys2.1Palladium3', '2018-09-20', 1, 4, 3, '0.00000'),
(198, 'Sys2.1UKGilt2', '2018-09-20', 2, 4, 12, '0.00000'),
(199, 'Sys2.0Palladium3', '2018-09-20', 1, 3, 3, '0.00000'),
(200, 'Sys2.0EurUsd2', '2018-09-20', 3, 3, 2, '0.00034'),
(201, 'Sys2.0UKGilt2', '2018-09-20', 2, 3, 12, '0.00000'),
(202, 'Sys2.1Copper2', '2018-09-21', 3, 4, 14, '0.00284'),
(203, 'Sys2.1EurUsd2', '2018-09-21', 3, 4, 2, '-0.00096'),
(204, 'Sys1.0Cotton1', '2018-09-26', 3, 1, 4, '-0.00146'),
(205, 'Sys2.0Sugar3', '2018-09-26', 2, 3, 7, '0.00000'),
(206, 'Sys1.0Fra403', '2018-09-27', 1, 1, 6, '0.00000'),
(207, 'Sys1.0Cotton2', '2018-09-27', 2, 1, 4, '0.00000'),
(208, 'Sys2.1Sugar3', '2018-09-27', 2, 4, 7, '0.00000'),
(209, 'Sys2.0Fra403', '2018-09-27', 1, 3, 6, '0.00000'),
(210, 'Sys2.0UsdJpy3', '2018-09-27', 1, 3, 8, '0.00000'),
(211, 'Sys2.0Cotton4', '2018-09-27', 2, 3, 4, '0.00000'),
(212, 'Sys1.1Cotton3', '2018-09-28', 2, 2, 4, '0.00000'),
(213, 'Sys2.1UsdJpy3', '2018-09-28', 1, 4, 8, '0.00000'),
(214, 'Sys2.1Cotton3', '2018-09-28', 2, 4, 4, '0.00000'),
(215, 'Sys2.1Sugar3', '2018-10-01', 3, 4, 7, '-0.00360'),
(216, 'Sys2.0Sugar3', '2018-10-01', 3, 3, 7, '-0.00353'),
(217, 'Sys2.0Coffee3', '2018-10-02', 3, 3, 9, '0.00285'),
(218, 'Sys2.1Coffee3', '2018-10-03', 3, 4, 9, '0.00185'),
(219, 'Sys1.0Fra403', '2018-10-05', 3, 1, 6, '-0.00338'),
(220, 'Sys2.0Fra403', '2018-10-05', 3, 3, 6, '-0.00338'),
(221, 'Sys1.1EurGbp2', '2018-10-09', 3, 2, 10, '-0.00474'),
(222, 'Sys1.0EurGbp3', '2018-10-09', 3, 1, 10, '-0.00473'),
(223, 'Sys2.0SP5002', '2018-10-10', 3, 3, 5, '0.00444'),
(224, 'Sys1.1EurGbp3', '2018-10-11', 2, 2, 10, '0.00000'),
(225, 'Sys2.1SP5002', '2018-10-11', 3, 4, 5, '0.00102'),
(226, 'Sys2.1EurGbp3', '2018-10-11', 2, 4, 10, '0.00000'),
(227, 'Sys2.0XauUsd3', '2018-10-11', 3, 3, 1, '0.00747'),
(228, 'Sys1.1Fra403', '2018-10-12', 2, 2, 6, '0.00000'),
(229, 'Sys2.1Fra403', '2018-10-12', 2, 4, 6, '0.00000'),
(230, 'Sys2.1XauUsd2', '2018-10-12', 3, 4, 1, '0.00501'),
(231, 'Sys1.1Sugar1', '2018-10-16', 3, 2, 7, '0.00035'),
(232, 'Sys1.1Sugar2', '2018-10-16', 1, 2, 7, '0.00000'),
(233, 'Sys1.0Sugar1', '2018-10-16', 3, 1, 7, '0.00044'),
(234, 'Sys2.1Sugar4', '2018-10-16', 1, 4, 7, '0.00000'),
(235, 'Sys1.0Sugar2', '2018-10-17', 1, 1, 7, '0.00000'),
(236, 'Sys2.0Sugar4', '2018-10-17', 1, 3, 7, '0.00000'),
(237, 'Sys2.0EUBund3', '2018-10-18', 3, 3, 11, '-0.00077'),
(238, 'Sys1.0Fra404', '2018-10-19', 2, 1, 6, '0.00000'),
(239, 'Sys2.1EUBund3', '2018-10-19', 3, 4, 11, '-0.00073'),
(240, 'Sys2.0Fra404', '2018-10-19', 2, 3, 6, '0.00000'),
(241, 'Sys2.0UKGilt2', '2018-10-22', 3, 3, 12, '-0.00253'),
(242, 'Sys1.1Coffee1', '2018-10-23', 3, 2, 9, '0.00144'),
(243, 'Sys1.0Coffee1', '2018-10-23', 3, 1, 9, '0.00018'),
(244, 'Sys2.1UKGilt2', '2018-10-24', 3, 4, 12, '-0.00324'),
(245, 'Sys1.1UKGilt2', '2018-10-25', 3, 2, 12, '-0.00441'),
(246, 'Sys1.0UKGilt2', '2018-10-25', 3, 1, 12, '-0.00441'),
(247, 'Sys1.1SP5002', '2018-10-26', 3, 2, 5, '-0.00394'),
(248, 'Sys1.0SP5002', '2018-10-26', 3, 1, 5, '-0.00394'),
(249, 'Sys2.0EurUsd3', '2018-10-26', 2, 3, 2, '0.00000'),
(250, 'Sys2.0UsdJpy3', '2018-10-26', 3, 3, 8, '-0.00368'),
(251, 'Sys2.0US10yr3', '2018-10-26', 3, 3, 13, '0.00022'),
(252, 'Sys1.0SP5003', '2018-10-29', 2, 1, 5, '0.00000'),
(253, 'Sys2.1US10yr2', '2018-10-29', 3, 4, 13, '-0.00091'),
(254, 'Sys2.0SP5003', '2018-10-29', 2, 3, 5, '0.00000'),
(255, 'Sys1.1EurGbp3', '2018-10-31', 3, 2, 10, '-0.00351'),
(256, 'Sys2.1EurGbp3', '2018-10-31', 3, 4, 10, '-0.00350'),
(257, 'Sys2.1EurUsd3', '2018-11-01', 2, 4, 2, '0.00000'),
(258, 'Sys1.1EurGbp4', '2018-11-07', 2, 2, 10, '0.00000'),
(259, 'Sys1.0EurGbp4', '2018-11-07', 2, 1, 10, '0.00000'),
(260, 'Sys2.1EurGbp4', '2018-11-07', 2, 4, 10, '0.00000'),
(261, 'Sys2.0EurGbp4', '2018-11-07', 2, 3, 10, '0.00000'),
(262, 'Sys2.0Cotton4', '2018-11-08', 3, 3, 4, '-0.00137'),
(263, 'Sys2.0Sugar4', '2018-11-13', 3, 3, 7, '-0.00175'),
(264, 'Sys1.0EurGbp4', '2018-11-19', 3, 1, 10, '-0.00389'),
(265, 'Sys2.0EurGbp4', '2018-11-19', 3, 3, 10, '-0.00390'),
(266, 'Sys2.0Cotton5', '2018-11-20', 2, 3, 4, '0.00000'),
(267, 'Sys2.1Sugar4', '2018-11-21', 3, 4, 7, '-0.00167'),
(268, 'Sys1.1EUBund2', '2018-11-22', 3, 2, 11, '-0.00202'),
(269, 'Sys1.0EUBund2', '2018-11-22', 3, 1, 11, '-0.00212'),
(270, 'Sys1.0EUBund3', '2018-11-23', 1, 1, 11, '0.00000'),
(271, 'Sys2.0EUBund4', '2018-11-23', 1, 3, 11, '0.00000'),
(272, 'Sys1.1EurGbp4', '2018-11-27', 3, 2, 10, '-0.00212'),
(273, 'Sys2.1EurGbp4', '2018-11-27', 3, 4, 10, '-0.00213'),
(274, 'Sys1.1EUBund3', '2018-11-30', 1, 2, 11, '0.00000'),
(275, 'Sys2.1EUBund4', '2018-11-30', 1, 4, 11, '0.00000'),
(276, 'Sys2.0Cotton5', '2018-12-03', 3, 3, 4, '-0.00288'),
(277, 'Sys1.1US10yr2', '2018-12-04', 3, 2, 13, '-0.00336'),
(278, 'Sys1.0UKGilt3', '2018-12-04', 1, 1, 12, '0.00000'),
(279, 'Sys1.0US10yr3', '2018-12-04', 3, 1, 13, '-0.00340'),
(280, 'Sys2.0UKGilt3', '2018-12-04', 1, 3, 12, '0.00000'),
(281, 'Sys1.1UKGilt3', '2018-12-07', 1, 2, 12, '0.00000'),
(282, 'Sys1.0EurGbp5', '2018-12-07', 1, 1, 10, '0.00000'),
(283, 'Sys2.1UKGilt3', '2018-12-07', 1, 4, 12, '0.00000'),
(284, 'Sys2.0EurGbp5', '2018-12-07', 1, 3, 10, '0.00000'),
(285, 'Sys1.1EurGbp5', '2018-12-10', 1, 2, 10, '0.00000'),
(286, 'Sys2.1EurGbp5', '2018-12-10', 1, 4, 10, '0.00000'),
(287, 'Sys1.0Coffee2', '2018-12-13', 2, 1, 9, '0.00000'),
(288, 'Sys2.0Coffee4', '2018-12-13', 2, 3, 9, '0.00000'),
(289, 'Sys1.1SP5003', '2018-12-18', 2, 2, 5, '0.00000'),
(290, 'Sys1.1Coffee2', '2018-12-18', 2, 2, 9, '0.00000'),
(291, 'Sys1.0US10yr4', '2018-12-18', 1, 1, 13, '0.00000'),
(292, 'Sys2.1SP5003', '2018-12-18', 2, 4, 5, '0.00000'),
(293, 'Sys2.1Coffee4', '2018-12-18', 2, 4, 9, '0.00000'),
(294, 'Sys2.0US10yr4', '2018-12-18', 1, 3, 13, '0.00000'),
(295, 'Sys1.1US10yr3', '2018-12-20', 1, 2, 13, '0.00000'),
(296, 'Sys2.1UsdJpy3', '2018-12-20', 3, 4, 8, '-0.00524'),
(297, 'Sys2.1US10yr3', '2018-12-20', 1, 4, 13, '0.00000'),
(298, 'Sys2.0EurUsd3', '2018-12-20', 3, 3, 2, '-0.00149'),
(299, 'Sys2.0Cotton6', '2018-12-20', 2, 3, 4, '0.00000'),
(300, 'Sys2.0Copper3', '2018-12-26', 2, 3, 14, '0.00000'),
(301, 'Sys1.1UsdJpy2', '2019-01-02', 3, 2, 8, '-0.00535'),
(302, 'Sys1.0UsdJpy2', '2019-01-02', 3, 1, 8, '-0.00535'),
(303, 'Sys2.1Copper3', '2019-01-02', 2, 4, 14, '0.00000'),
(304, 'Sys1.1XauUsd2', '2019-01-04', 3, 2, 1, '-0.00160'),
(305, 'Sys1.1XauUsd3', '2019-01-04', 1, 2, 1, '0.00000'),
(306, 'Sys1.0XauUsd2', '2019-01-04', 3, 1, 1, '-0.00133'),
(307, 'Sys1.0XauUsd3', '2019-01-04', 1, 1, 1, '0.00000'),
(308, 'Sys2.1XauUsd3', '2019-01-04', 1, 4, 1, '0.00000'),
(309, 'Sys2.0XauUsd4', '2019-01-04', 1, 3, 1, '0.00000'),
(310, 'Sys1.1Sugar2', '2019-01-07', 3, 2, 7, '-0.00279'),
(311, 'Sys1.0Sugar2', '2019-01-07', 3, 1, 7, '-0.00299'),
(312, 'Sys2.1EurUsd3', '2019-01-10', 3, 4, 2, '-0.00301'),
(313, 'Sys2.0UKGilt3', '2019-01-14', 3, 3, 12, '-0.00128'),
(314, 'Sys2.0EurGbp5', '2019-01-15', 3, 3, 10, '-0.00158'),
(315, 'Sys2.1EurGbp5', '2019-01-17', 3, 4, 10, '-0.00243'),
(316, 'Sys2.0Coffee4', '2019-01-18', 3, 3, 9, '-0.00127'),
(317, 'Sys1.1EurGbp5', '2019-01-23', 3, 2, 10, '-0.00428'),
(318, 'Sys1.0EurGbp5', '2019-01-23', 3, 1, 10, '-0.00429'),
(319, 'Sys1.0EurGbp6', '2019-01-24', 2, 1, 10, '0.00000'),
(320, 'Sys2.0Fra404', '2019-01-24', 3, 3, 6, '0.00167'),
(321, 'Sys2.0EurGbp6', '2019-01-24', 2, 3, 10, '0.00000'),
(322, 'Sys1.1EurGbp6', '2019-01-25', 2, 2, 10, '0.00000'),
(323, 'Sys2.1EurGbp6', '2019-01-25', 2, 4, 10, '0.00000'),
(324, 'Sys2.0Copper3', '2019-01-25', 3, 3, 14, '-0.00149'),
(325, 'Sys2.1Fra403', '2019-01-28', 3, 4, 6, '0.00258'),
(326, 'Sys2.1Copper3', '2019-01-28', 3, 4, 14, '-0.00156'),
(327, 'Sys2.0SP5003', '2019-01-30', 3, 3, 5, '-0.00085'),
(328, 'Sys2.1SP5003', '2019-01-31', 3, 4, 5, '-0.00227'),
(329, 'Sys2.0Cotton6', '2019-01-31', 3, 3, 4, '0.00020'),
(330, 'Sys2.0UKGilt4', '2019-02-08', 1, 3, 12, '0.00000'),
(331, 'Sys2.0EurUsd4', '2019-02-11', 2, 3, 2, '0.00000'),
(332, 'Sys2.0Cotton7', '2019-02-11', 2, 3, 4, '0.00000'),
(333, 'Sys2.0Coffee5', '2019-02-14', 2, 3, 9, '0.00000'),
(334, 'Sys1.0Sugar3', '2019-02-15', 1, 1, 7, '0.00000'),
(335, 'Sys2.0Sugar5', '2019-02-15', 1, 3, 7, '0.00000'),
(336, 'Sys1.1SP5003', '2019-02-19', 3, 2, 5, '-0.00387'),
(337, 'Sys1.0SP5003', '2019-02-19', 3, 1, 5, '-0.00253'),
(338, 'Sys1.0SP5004', '2019-02-19', 1, 1, 5, '0.00000'),
(339, 'Sys2.0SP5004', '2019-02-19', 1, 3, 5, '0.00000'),
(340, 'Sys1.1Sugar3', '2019-02-20', 1, 2, 7, '0.00000'),
(341, 'Sys2.1Sugar5', '2019-02-20', 1, 4, 7, '0.00000'),
(342, 'Sys2.0Cotton7', '2019-02-22', 3, 3, 4, '-0.00315'),
(343, 'Sys1.1Copper2', '2019-02-26', 3, 2, 14, '-0.00027'),
(344, 'Sys1.0Copper2', '2019-02-26', 3, 1, 14, '0.00000'),
(345, 'Sys1.0Copper3', '2019-02-27', 1, 1, 14, '0.00000'),
(346, 'Sys2.0Copper4', '2019-02-27', 1, 3, 14, '0.00000'),
(347, 'Sys1.1Sugar3', '2019-03-04', 3, 2, 7, '-0.00343'),
(348, 'Sys2.1Sugar5', '2019-03-04', 3, 4, 7, '-0.00343'),
(349, 'Sys2.0XauUsd4', '2019-03-04', 3, 3, 1, '-0.00226'),
(350, 'Sys2.0Sugar5', '2019-03-04', 3, 3, 7, '-0.00277'),
(351, 'Sys1.1Fra403', '2019-03-05', 3, 2, 6, '-0.00186'),
(352, 'Sys1.0Fra404', '2019-03-05', 3, 1, 6, '-0.00213'),
(353, 'Sys1.0UsdJpy3', '2019-03-05', 1, 1, 8, '0.00000'),
(354, 'Sys2.1XauUsd3', '2019-03-05', 3, 4, 1, '-0.00255'),
(355, 'Sys2.0UsdJpy4', '2019-03-05', 1, 3, 8, '0.00000'),
(356, 'Sys1.0Fra405', '2019-03-06', 1, 1, 6, '0.00000'),
(357, 'Sys2.0Fra405', '2019-03-06', 1, 3, 6, '0.00000'),
(358, 'Sys2.0EUBund4', '2019-03-06', 3, 3, 11, '0.00456'),
(359, 'Sys1.0Sugar3', '2019-03-07', 3, 1, 7, '-0.00343'),
(360, 'Sys2.1EUBund4', '2019-03-07', 3, 4, 11, '0.00442'),
(361, 'Sys2.1EurUsd4', '2019-03-08', 2, 4, 2, '0.00000'),
(362, 'Sys1.1Fra404', '2019-03-14', 1, 2, 6, '0.00000'),
(363, 'Sys2.1Fra404', '2019-03-14', 1, 4, 6, '0.00000'),
(364, 'Sys2.1Cotton3', '2019-03-14', 3, 4, 4, '0.00084'),
(365, 'Sys1.1SP5004', '2019-03-18', 1, 2, 5, '0.00000'),
(366, 'Sys2.1SP5004', '2019-03-18', 1, 4, 5, '0.00000'),
(367, 'Sys2.1EurUsd4', '2019-03-20', 3, 4, 2, '-0.00392'),
(368, 'Sys2.0EurUsd4', '2019-03-20', 3, 3, 2, '-0.00255'),
(369, 'Sys1.0UsdJpy3', '2019-03-22', 3, 1, 8, '-0.00528'),
(370, 'Sys2.0UsdJpy4', '2019-03-22', 3, 3, 8, '-0.00465'),
(371, 'Sys2.0Palladium3', '2019-03-27', 3, 3, 3, '0.01426'),
(372, 'Sys2.1Palladium3', '2019-03-28', 3, 4, 3, '0.01410'),
(373, 'Sys1.0UsdJpy4', '2019-04-17', 1, 1, 8, '0.00000'),
(374, 'Sys2.0UsdJpy5', '2019-04-17', 1, 3, 8, '0.00000'),
(375, 'Sys2.0EurUsd5', '2019-04-24', 2, 3, 2, '0.00000'),
(376, 'Sys1.1UsdJpy3', '2019-04-25', 1, 2, 8, '0.00000'),
(377, 'Sys2.1EurUsd5', '2019-04-25', 2, 4, 2, '0.00000'),
(378, 'Sys2.1UsdJpy4', '2019-04-25', 1, 4, 8, '0.00000'),
(379, 'Sys1.0Copper3', '2019-05-01', 3, 1, 14, '-0.00358'),
(380, 'Sys2.0Copper4', '2019-05-01', 3, 3, 14, '-0.00280'),
(381, 'Sys1.1UsdJpy3', '2019-05-06', 3, 2, 8, '-0.00534'),
(382, 'Sys1.0UsdJpy4', '2019-05-06', 3, 1, 8, '-0.00525'),
(383, 'Sys2.1UsdJpy4', '2019-05-06', 3, 4, 8, '-0.00533'),
(384, 'Sys2.0UsdJpy5', '2019-05-06', 3, 3, 8, '-0.00434'),
(385, 'Sys1.0UsdJpy5', '2019-05-09', 2, 1, 8, '0.00000'),
(386, 'Sys2.0SP5004', '2019-05-09', 3, 3, 5, '0.00264'),
(387, 'Sys2.0Fra405', '2019-05-09', 3, 3, 6, '0.00063'),
(388, 'Sys2.0UsdJpy6', '2019-05-09', 2, 3, 8, '0.00000'),
(389, 'Sys2.0Cotton8', '2019-05-09', 2, 3, 4, '0.00000'),
(390, 'Sys2.1Cotton4', '2019-05-10', 2, 4, 4, '0.00000'),
(391, 'Sys1.0Copper4', '2019-05-13', 2, 1, 14, '0.00000'),
(392, 'Sys2.0Copper5', '2019-05-13', 2, 3, 14, '0.00000'),
(393, 'Sys2.0EurGbp6', '2019-05-13', 3, 3, 10, '-0.00031'),
(394, 'Sys1.1Copper3', '2019-05-14', 2, 2, 14, '0.00000'),
(395, 'Sys1.1UsdJpy4', '2019-05-14', 2, 2, 8, '0.00000'),
(396, 'Sys2.1SP5004', '2019-05-14', 3, 4, 5, '-0.00084'),
(397, 'Sys2.1Fra404', '2019-05-14', 3, 4, 6, '-0.00128'),
(398, 'Sys2.1Copper4', '2019-05-14', 2, 4, 14, '0.00000'),
(399, 'Sys2.1UsdJpy5', '2019-05-14', 2, 4, 8, '0.00000'),
(400, 'Sys2.0EUBund5', '2019-05-14', 1, 3, 11, '0.00000'),
(401, 'Sys2.1EurGbp6', '2019-05-16', 3, 4, 10, '-0.00088'),
(402, 'Sys2.1EUBund5', '2019-05-16', 1, 4, 11, '0.00000'),
(403, 'Sys1.0Sugar4', '2019-05-17', 2, 1, 7, '0.00000'),
(404, 'Sys2.0Sugar6', '2019-05-17', 2, 3, 7, '0.00000'),
(405, 'Sys1.1Sugar4', '2019-05-20', 2, 2, 7, '0.00000'),
(406, 'Sys2.1Sugar6', '2019-05-20', 2, 4, 7, '0.00000'),
(407, 'Sys2.0Coffee5', '2019-05-24', 3, 3, 9, '0.00093'),
(408, 'Sys2.1Coffee4', '2019-05-29', 3, 4, 9, '0.00073'),
(409, 'Sys1.1EurGbp6', '2019-05-31', 3, 2, 10, '-0.00216'),
(410, 'Sys1.0EurGbp6', '2019-05-31', 3, 1, 10, '-0.00206'),
(411, 'Sys1.0EurGbp7', '2019-05-31', 1, 1, 10, '0.00000'),
(412, 'Sys2.0EurGbp7', '2019-05-31', 1, 3, 10, '0.00000'),
(413, 'Sys1.1Fra404', '2019-06-03', 3, 2, 6, '-0.00337'),
(414, 'Sys2.0XauUsd5', '2019-06-03', 1, 3, 1, '0.00000'),
(415, 'Sys1.1EurGbp7', '2019-06-04', 1, 2, 10, '0.00000'),
(416, 'Sys2.1XauUsd4', '2019-06-04', 1, 4, 1, '0.00000'),
(417, 'Sys2.1EurGbp7', '2019-06-04', 1, 4, 10, '0.00000'),
(418, 'Sys2.0EurUsd5', '2019-06-04', 3, 3, 2, '-0.00186'),
(419, 'Sys2.0Sugar6', '2019-06-06', 3, 3, 7, '-0.00238'),
(420, 'Sys2.1EurUsd5', '2019-06-07', 3, 4, 2, '-0.00388'),
(421, 'Sys1.1Sugar4', '2019-06-11', 3, 2, 7, '-0.00222'),
(422, 'Sys1.0Sugar4', '2019-06-11', 3, 1, 7, '-0.00220'),
(423, 'Sys2.1Sugar6', '2019-06-11', 3, 4, 7, '-0.00222'),
(424, 'Sys2.0Palladium4', '2019-06-14', 1, 3, 3, '0.00000'),
(425, 'Sys2.1Palladium4', '2019-06-17', 1, 4, 3, '0.00000'),
(426, 'Sys2.0SP5005', '2019-06-20', 1, 3, 5, '0.00000'),
(427, 'Sys2.0Fra406', '2019-06-21', 1, 3, 6, '0.00000'),
(428, 'Sys2.0Copper5', '2019-06-25', 3, 3, 14, '-0.00021'),
(429, 'Sys1.0Sugar5', '2019-06-28', 1, 1, 7, '0.00000'),
(430, 'Sys2.0Sugar7', '2019-06-28', 1, 3, 7, '0.00000'),
(431, 'Sys1.1Coffee2', '2019-07-01', 3, 2, 9, '-0.00341'),
(432, 'Sys1.0Coffee2', '2019-07-01', 3, 1, 9, '-0.00328'),
(433, 'Sys1.1Coffee3', '2019-07-02', 1, 2, 9, '0.00000'),
(434, 'Sys2.1Coffee5', '2019-07-02', 1, 4, 9, '0.00000'),
(435, 'Sys1.0Coffee3', '2019-07-03', 1, 1, 9, '0.00000'),
(436, 'Sys2.0Coffee6', '2019-07-03', 1, 3, 9, '0.00000'),
(437, 'Sys1.1Fra405', '2019-07-04', 1, 2, 6, '0.00000'),
(438, 'Sys2.1SP5005', '2019-07-04', 1, 4, 5, '0.00000'),
(439, 'Sys2.1Fra405', '2019-07-04', 1, 4, 6, '0.00000'),
(440, 'Sys2.0UsdJpy6', '2019-07-08', 3, 3, 8, '-0.00190'),
(441, 'Sys2.1UsdJpy5', '2019-07-10', 3, 4, 8, '-0.00256'),
(442, 'Sys2.0Sugar7', '2019-07-15', 3, 3, 7, '-0.00327'),
(443, 'Sys1.0Sugar5', '2019-07-16', 3, 1, 7, '-0.00338'),
(444, 'Sys1.0Coffee3', '2019-07-24', 3, 1, 9, '-0.00326'),
(445, 'Sys2.0Coffee6', '2019-07-24', 3, 3, 9, '-0.00325'),
(446, 'Sys2.0EurUsd6', '2019-07-25', 2, 3, 2, '0.00000'),
(447, 'Sys1.1Coffee3', '2019-07-31', 3, 2, 9, '-0.00329'),
(448, 'Sys2.1Coffee5', '2019-07-31', 3, 4, 9, '-0.00329'),
(449, 'Sys2.1EurUsd6', '2019-08-01', 2, 4, 2, '0.00000'),
(450, 'Sys2.0Fra406', '2019-08-01', 3, 3, 6, '-0.00133'),
(451, 'Sys2.0Palladium4', '2019-08-01', 3, 3, 3, '0.00077'),
(452, 'Sys1.1Fra405', '2019-08-02', 3, 2, 6, '-0.00340'),
(453, 'Sys2.1Fra405', '2019-08-02', 3, 4, 6, '-0.00340'),
(454, 'Sys2.1Palladium4', '2019-08-02', 3, 4, 3, '-0.00124'),
(455, 'Sys2.0SP5005', '2019-08-02', 3, 3, 5, '-0.00098'),
(456, 'Sys2.0Copper6', '2019-08-02', 2, 3, 14, '0.00000'),
(457, 'Sys2.0UsdJpy7', '2019-08-02', 2, 3, 8, '0.00000'),
(458, 'Sys2.1SP5005', '2019-08-05', 3, 4, 5, '-0.00394'),
(459, 'Sys2.1UsdJpy6', '2019-08-05', 2, 4, 8, '0.00000'),
(460, 'Sys1.0Fra405', '2019-08-06', 3, 1, 6, '-0.00337'),
(461, 'Sys1.0Sugar6', '2019-08-07', 2, 1, 7, '0.00000'),
(462, 'Sys2.0Sugar8', '2019-08-07', 2, 3, 7, '0.00000'),
(463, 'Sys1.1Sugar5', '2019-08-08', 2, 2, 7, '0.00000'),
(464, 'Sys2.1Sugar7', '2019-08-08', 2, 4, 7, '0.00000'),
(465, 'Sys1.0Coffee4', '2019-08-12', 2, 1, 9, '0.00000'),
(466, 'Sys2.0Coffee7', '2019-08-12', 2, 3, 9, '0.00000'),
(467, 'Sys1.1Coffee4', '2019-08-13', 2, 2, 9, '0.00000'),
(468, 'Sys2.1Coffee6', '2019-08-13', 2, 4, 9, '0.00000'),
(469, 'Sys2.0EurGbp7', '2019-09-04', 3, 3, 10, '0.00232'),
(470, 'Sys2.1EurGbp7', '2019-09-05', 3, 4, 10, '0.00151'),
(471, 'Sys2.0EUBund5', '2019-09-05', 3, 3, 11, '0.01355'),
(472, 'Sys2.0UKGilt4', '2019-09-05', 3, 3, 12, '0.01860'),
(473, 'Sys2.1EUBund5', '2019-09-06', 3, 4, 11, '0.01263'),
(474, 'Sys2.0Copper6', '2019-09-06', 3, 3, 14, '-0.00103'),
(475, 'Sys2.0UsdJpy7', '2019-09-09', 3, 3, 8, '-0.00313'),
(476, 'Sys2.0Coffee7', '2019-09-09', 3, 3, 9, '-0.00143'),
(477, 'Sys2.1UsdJpy6', '2019-09-10', 3, 4, 8, '-0.00353'),
(478, 'Sys1.1Coffee4', '2019-09-11', 3, 2, 9, '-0.00323'),
(479, 'Sys1.0Coffee4', '2019-09-11', 3, 1, 9, '-0.00320'),
(480, 'Sys2.1Coffee6', '2019-09-11', 3, 4, 9, '-0.00251'),
(481, 'Sys2.0Palladium5', '2019-09-12', 1, 3, 3, '0.00000'),
(482, 'Sys2.0Cotton8', '2019-09-12', 3, 3, 4, '0.00760'),
(483, 'Sys1.0Fra406', '2019-09-13', 1, 1, 6, '0.00000'),
(484, 'Sys2.1Palladium5', '2019-09-13', 1, 4, 3, '0.00000'),
(485, 'Sys2.1Cotton4', '2019-09-13', 3, 4, 4, '0.00481'),
(486, 'Sys2.0Fra407', '2019-09-13', 1, 3, 6, '0.00000'),
(487, 'Sys2.0US10yr4', '2019-09-13', 3, 3, 13, '0.01948'),
(488, 'Sys2.1Copper4', '2019-09-16', 3, 4, 14, '0.00016'),
(489, 'Sys2.1UKGilt3', '2019-09-16', 3, 4, 12, '0.01422'),
(490, 'Sys2.1US10yr3', '2019-09-16', 3, 4, 13, '0.01593'),
(491, 'Sys2.0XauUsd5', '2019-09-18', 3, 3, 1, '0.01113'),
(492, 'Sys2.0Sugar8', '2019-09-25', 3, 3, 7, '-0.00083'),
(493, 'Sys2.1Sugar7', '2019-09-26', 3, 4, 7, '-0.00165'),
(494, 'Sys1.1Sugar5', '2019-09-30', 3, 2, 7, '-0.00395'),
(495, 'Sys1.0Sugar6', '2019-09-30', 3, 1, 7, '-0.00401'),
(496, 'Sys2.1XauUsd4', '2019-10-01', 3, 4, 1, '0.00935'),
(497, 'Sys1.1EurGbp7', '2019-10-15', 3, 2, 10, '-0.00530'),
(498, 'Sys1.0EurGbp7', '2019-10-15', 3, 1, 10, '-0.00539'),
(499, 'Sys1.0EurGbp8', '2019-10-17', 2, 1, 10, '0.00000'),
(500, 'Sys2.0EurGbp8', '2019-10-17', 2, 3, 10, '0.00000'),
(501, 'Sys2.0EurUsd6', '2019-10-17', 3, 3, 2, '-0.00007'),
(502, 'Sys2.1EurUsd6', '2019-10-18', 3, 4, 2, '-0.00096'),
(503, 'Sys2.0SP5006', '2019-10-25', 1, 3, 5, '0.00000'),
(504, 'Sys2.1SP5006', '2019-10-29', 1, 4, 5, '0.00000'),
(505, 'Sys1.1Fra406', '2019-10-31', 1, 2, 6, '0.00000'),
(506, 'Sys2.1Fra406', '2019-10-31', 1, 4, 6, '0.00000'),
(507, 'Sys1.0Coffee5', '2019-11-05', 1, 1, 9, '0.00000'),
(508, 'Sys2.0Coffee8', '2019-11-05', 1, 3, 9, '0.00000'),
(509, 'Sys1.1Coffee5', '2019-11-06', 1, 2, 9, '0.00000'),
(510, 'Sys2.1Coffee7', '2019-11-06', 1, 4, 9, '0.00000'),
(511, 'Sys1.0Sugar7', '2019-11-13', 1, 1, 7, '0.00000'),
(512, 'Sys2.0Sugar9', '2019-11-13', 1, 3, 7, '0.00000'),
(513, 'Sys1.1EurGbp8', '2019-11-15', 2, 2, 10, '0.00000'),
(514, 'Sys2.1EurGbp8', '2019-11-15', 2, 4, 10, '0.00000'),
(515, 'Sys1.1Sugar6', '2019-12-02', 1, 2, 7, '0.00000'),
(516, 'Sys2.1Sugar8', '2019-12-02', 1, 4, 7, '0.00000'),
(517, 'Sys1.1Copper3', '2019-12-16', 3, 2, 14, '-0.00122'),
(518, 'Sys1.0Copper4', '2019-12-16', 3, 1, 14, '-0.00110'),
(519, 'Sys1.0Copper5', '2019-12-17', 1, 1, 14, '0.00000'),
(520, 'Sys2.0Copper7', '2019-12-17', 1, 3, 14, '0.00000'),
(521, 'Sys1.1UsdJpy4', '2019-12-19', 3, 2, 8, '-0.01420'),
(522, 'Sys1.0UsdJpy5', '2019-12-19', 3, 1, 8, '-0.01638'),
(523, 'Sys1.1Copper4', '2019-12-27', 1, 2, 14, '0.00000'),
(524, 'Sys1.1Cotton3', '2019-12-27', 3, 2, 4, '0.00440'),
(525, 'Sys1.0Cotton2', '2019-12-27', 3, 1, 4, '0.00462'),
(526, 'Sys1.0Cotton3', '2019-12-27', 1, 1, 4, '0.00000'),
(527, 'Sys2.1Copper5', '2019-12-27', 1, 4, 14, '0.00000'),
(528, 'Sys2.0Cotton9', '2019-12-27', 1, 3, 4, '0.00000'),
(529, 'Sys1.1Cotton4', '2019-12-31', 1, 2, 4, '0.00000'),
(530, 'Sys2.1Cotton5', '2019-12-31', 1, 4, 4, '0.00000'),
(531, 'Sys2.0XauUsd6', '2019-12-31', 1, 3, 1, '0.00000'),
(532, 'Sys2.1XauUsd5', '2020-01-02', 1, 4, 1, '0.00000'),
(533, 'Sys1.0UsdJpy6', '2020-01-08', 2, 1, 8, '0.00000'),
(534, 'Sys2.0UsdJpy8', '2020-01-08', 2, 3, 8, '0.00000'),
(535, 'Sys2.0EUBund6', '2020-01-08', 1, 3, 11, '0.00000'),
(536, 'Sys1.0UsdJpy6', '2020-01-09', 3, 1, 8, '-0.00554'),
(537, 'Sys2.0UsdJpy8', '2020-01-09', 3, 3, 8, '-0.00554'),
(538, 'Sys2.0Coffee8', '2020-01-09', 3, 3, 9, '0.00355'),
(539, 'Sys2.1Coffee7', '2020-01-10', 3, 4, 9, '0.00278'),
(540, 'Sys2.0EurGbp8', '2020-01-14', 3, 3, 10, '0.00005'),
(541, 'Sys2.0UKGilt5', '2020-01-15', 1, 3, 12, '0.00000'),
(542, 'Sys1.0UsdJpy7', '2020-01-17', 1, 1, 8, '0.00000'),
(543, 'Sys2.0UsdJpy9', '2020-01-17', 1, 3, 8, '0.00000'),
(544, 'Sys2.1UKGilt4', '2020-01-20', 1, 4, 12, '0.00000'),
(545, 'Sys2.0Copper7', '2020-01-23', 3, 3, 14, '-0.00152'),
(546, 'Sys1.1Copper4', '2020-01-24', 3, 2, 14, '-0.00350'),
(547, 'Sys2.1Copper5', '2020-01-24', 3, 4, 14, '-0.00268'),
(548, 'Sys2.0US10yr5', '2020-01-24', 1, 3, 13, '0.00000'),
(549, 'Sys1.0Copper5', '2020-01-27', 3, 1, 14, '-0.00353'),
(550, 'Sys2.1EUBund6', '2020-01-27', 1, 4, 11, '0.00000'),
(551, 'Sys2.1US10yr4', '2020-01-27', 1, 4, 13, '0.00000'),
(552, 'Sys2.0Fra407', '2020-01-27', 3, 3, 6, '0.00270'),
(553, 'Sys2.1Fra406', '2020-01-28', 3, 4, 6, '0.00097'),
(554, 'Sys1.1Copper5', '2020-01-30', 2, 2, 14, '0.00000'),
(555, 'Sys1.0Copper6', '2020-01-30', 2, 1, 14, '0.00000'),
(556, 'Sys2.1Copper6', '2020-01-30', 2, 4, 14, '0.00000'),
(557, 'Sys2.0Copper8', '2020-01-30', 2, 3, 14, '0.00000'),
(558, 'Sys2.0Cotton9', '2020-01-31', 3, 3, 4, '-0.00113'),
(559, 'Sys2.1Cotton5', '2020-02-03', 3, 4, 4, '-0.00209'),
(560, 'Sys2.0EurUsd7', '2020-02-06', 2, 3, 2, '0.00000'),
(561, 'Sys1.1Coffee5', '2020-02-07', 3, 2, 9, '-0.00235'),
(562, 'Sys1.0Coffee5', '2020-02-07', 3, 1, 9, '-0.00193'),
(563, 'Sys2.1EurUsd7', '2020-02-10', 2, 4, 2, '0.00000'),
(564, 'Sys2.0Fra408', '2020-02-12', 1, 3, 6, '0.00000'),
(565, 'Sys1.1UsdJpy5', '2020-02-20', 1, 2, 8, '0.00000'),
(566, 'Sys2.1UsdJpy7', '2020-02-20', 1, 4, 8, '0.00000'),
(567, 'Sys2.0Fra408', '2020-02-24', 3, 3, 6, '-0.00340'),
(568, 'Sys2.0SP5006', '2020-02-25', 3, 3, 5, '0.00523'),
(569, 'Sys2.1SP5006', '2020-02-26', 3, 4, 5, '0.00295'),
(570, 'Sys1.1Fra406', '2020-02-27', 3, 2, 6, '-0.00341'),
(571, 'Sys1.1Cotton4', '2020-02-27', 3, 2, 4, '-0.00368'),
(572, 'Sys1.0Cotton3', '2020-02-27', 3, 1, 4, '-0.00372'),
(573, 'Sys1.1UsdJpy5', '2020-02-28', 3, 2, 8, '-0.00534'),
(574, 'Sys1.0Fra406', '2020-02-28', 3, 1, 6, '-0.00352'),
(575, 'Sys1.0UsdJpy7', '2020-02-28', 3, 1, 8, '-0.00539'),
(576, 'Sys2.1UsdJpy7', '2020-02-28', 3, 4, 8, '-0.00533'),
(577, 'Sys2.0UsdJpy9', '2020-02-28', 3, 3, 8, '-0.00475'),
(578, 'Sys2.0Sugar9', '2020-02-28', 3, 3, 7, '0.00396'),
(579, 'Sys1.1EurGbp8', '2020-03-02', 3, 2, 10, '-0.00387'),
(580, 'Sys1.1Cotton5', '2020-03-02', 2, 2, 4, '0.00000'),
(581, 'Sys2.1EurGbp8', '2020-03-02', 3, 4, 10, '-0.00171'),
(582, 'Sys2.1EurUsd7', '2020-03-02', 3, 4, 2, '-0.00388'),
(583, 'Sys2.1Cotton6', '2020-03-02', 2, 4, 4, '0.00000'),
(584, 'Sys2.0EurUsd7', '2020-03-02', 3, 3, 2, '-0.00251'),
(585, 'Sys2.1Sugar8', '2020-03-03', 3, 4, 7, '0.00332'),
(586, 'Sys2.0Copper8', '2020-03-03', 3, 3, 14, '-0.00152'),
(587, 'Sys1.0Fra407', '2020-03-06', 2, 1, 6, '0.00000'),
(588, 'Sys2.0Fra409', '2020-03-06', 2, 3, 6, '0.00000'),
(589, 'Sys1.1SP5004', '2020-03-09', 3, 2, 5, '-0.00394'),
(590, 'Sys1.1Fra407', '2020-03-09', 2, 2, 6, '0.00000'),
(591, 'Sys1.1UsdJpy6', '2020-03-09', 2, 2, 8, '0.00000'),
(592, 'Sys1.1Sugar6', '2020-03-09', 3, 2, 7, '-0.00343'),
(593, 'Sys1.0UsdJpy8', '2020-03-09', 2, 1, 8, '0.00000'),
(594, 'Sys2.1Fra407', '2020-03-09', 2, 4, 6, '0.00000'),
(595, 'Sys2.1UsdJpy8', '2020-03-09', 2, 4, 8, '0.00000'),
(596, 'Sys2.0Copper9', '2020-03-09', 2, 3, 14, '0.00000'),
(597, 'Sys2.0UsdJpy10', '2020-03-09', 2, 3, 8, '0.00000'),
(598, 'Sys1.1SP5005', '2020-03-10', 2, 2, 5, '0.00000'),
(599, 'Sys1.0SP5004', '2020-03-10', 3, 1, 5, '-0.00187'),
(600, 'Sys1.0SP5005', '2020-03-10', 2, 1, 5, '0.00000'),
(601, 'Sys2.1SP5007', '2020-03-10', 2, 4, 5, '0.00000'),
(602, 'Sys2.0SP5007', '2020-03-10', 2, 3, 5, '0.00000'),
(603, 'Sys1.1EurUsd2', '2020-03-11', 3, 2, 2, '0.00465'),
(604, 'Sys1.0EurUsd2', '2020-03-11', 3, 1, 2, '0.00544'),
(605, 'Sys1.0Sugar7', '2020-03-12', 3, 1, 7, '-0.00351'),
(606, 'Sys1.0Cotton4', '2020-03-12', 2, 1, 4, '0.00000'),
(607, 'Sys2.0Palladium5', '2020-03-12', 3, 3, 3, '0.01679'),
(608, 'Sys2.0Cotton10', '2020-03-12', 2, 3, 4, '0.00000'),
(609, 'Sys1.0EurGbp8', '2020-03-13', 3, 1, 10, '-0.00393'),
(610, 'Sys2.1Palladium5', '2020-03-13', 3, 4, 3, '0.00628'),
(611, 'Sys2.0XauUsd6', '2020-03-13', 3, 3, 1, '0.00137'),
(612, 'Sys2.0EUBund6', '2020-03-13', 3, 3, 11, '0.00085'),
(613, 'Sys1.1EurGbp9', '2020-03-16', 1, 2, 10, '0.00000'),
(614, 'Sys1.0EurGbp9', '2020-03-16', 1, 1, 10, '0.00000'),
(615, 'Sys2.1XauUsd5', '2020-03-16', 3, 4, 1, '0.00166'),
(616, 'Sys2.1EurGbp9', '2020-03-16', 1, 4, 10, '0.00000'),
(617, 'Sys2.1EUBund6', '2020-03-16', 3, 4, 11, '0.00171'),
(618, 'Sys2.0EurGbp9', '2020-03-16', 1, 3, 10, '0.00000'),
(619, 'Sys1.1Sugar7', '2020-03-17', 2, 2, 7, '0.00000'),
(620, 'Sys1.0Sugar8', '2020-03-17', 2, 1, 7, '0.00000'),
(621, 'Sys2.1Sugar9', '2020-03-17', 2, 4, 7, '0.00000'),
(622, 'Sys2.0Sugar10', '2020-03-17', 2, 3, 7, '0.00000'),
(623, 'Sys2.1UKGilt4', '2020-03-18', 3, 4, 12, '-0.00446'),
(624, 'Sys2.0UKGilt5', '2020-03-18', 3, 3, 12, '-0.00139'),
(625, 'Sys1.1UsdJpy6', '2020-03-19', 3, 2, 8, '-0.00579'),
(626, 'Sys1.0UsdJpy8', '2020-03-19', 3, 1, 8, '-0.00582'),
(627, 'Sys2.1UsdJpy8', '2020-03-19', 3, 4, 8, '-0.00581'),
(628, 'Sys2.0UsdJpy10', '2020-03-19', 3, 3, 8, '-0.00578'),
(629, 'Sys1.0EurUsd3', '2020-03-23', 2, 1, 2, '0.00000'),
(630, 'Sys1.0Coffee6', '2020-03-23', 1, 1, 9, '0.00000'),
(631, 'Sys2.0EurUsd8', '2020-03-23', 2, 3, 2, '0.00000'),
(632, 'Sys2.0Coffee9', '2020-03-23', 1, 3, 9, '0.00000'),
(633, 'Sys1.1Coffee6', '2020-03-25', 1, 2, 9, '0.00000'),
(634, 'Sys1.1EUBund3', '2020-03-25', 3, 2, 11, '0.01840'),
(635, 'Sys1.0EUBund3', '2020-03-25', 3, 1, 11, '0.01901'),
(636, 'Sys2.1Coffee8', '2020-03-25', 1, 4, 9, '0.00000'),
(637, 'Sys2.0XauUsd7', '2020-04-13', 1, 3, 1, '0.00000'),
(638, 'Sys2.1XauUsd6', '2020-04-14', 1, 4, 1, '0.00000'),
(639, 'Sys1.1EurGbp9', '2020-04-17', 3, 2, 10, '-0.00302'),
(640, 'Sys1.0EurGbp9', '2020-04-17', 3, 1, 10, '-0.00338'),
(641, 'Sys2.1EurGbp9', '2020-04-17', 3, 4, 10, '-0.00302'),
(642, 'Sys2.0SP5007', '2020-04-17', 3, 3, 5, '-0.00122'),
(643, 'Sys2.0EurGbp9', '2020-04-17', 3, 3, 10, '-0.00340'),
(644, 'Sys2.1SP5007', '2020-04-20', 3, 4, 5, '-0.00110'),
(645, 'Sys2.0Copper9', '2020-04-24', 3, 3, 14, '0.00231'),
(646, 'Sys2.0Coffee9', '2020-04-24', 3, 3, 9, '-0.00192'),
(647, 'Sys2.1Copper6', '2020-04-27', 3, 4, 14, '0.00360'),
(648, 'Sys2.1Coffee8', '2020-04-27', 3, 4, 9, '-0.00260'),
(649, 'Sys2.0Fra409', '2020-04-29', 3, 3, 6, '0.00309'),
(650, 'Sys2.1Fra407', '2020-04-30', 3, 4, 6, '0.00103'),
(651, 'Sys2.0Cotton10', '2020-04-30', 3, 3, 4, '0.00116'),
(652, 'Sys2.1Cotton6', '2020-05-13', 3, 4, 4, '0.00200'),
(653, 'Sys2.0Sugar10', '2020-05-19', 3, 3, 7, '-0.00012'),
(654, 'Sys1.1Coffee6', '2020-05-21', 3, 2, 9, '-0.00284'),
(655, 'Sys1.0Coffee6', '2020-05-21', 3, 1, 9, '-0.00229'),
(656, 'Sys2.1Sugar9', '2020-05-21', 3, 4, 7, '-0.00024'),
(657, 'Sys2.0UKGilt6', '2020-05-22', 1, 3, 12, '0.00000'),
(658, 'Sys2.0EurUsd8', '2020-05-27', 3, 3, 2, '-0.00207'),
(659, 'Sys1.0Coffee7', '2020-05-28', 2, 1, 9, '0.00000'),
(660, 'Sys2.0Coffee10', '2020-05-28', 2, 3, 9, '0.00000'),
(661, 'Sys1.1Coffee7', '2020-05-29', 2, 2, 9, '0.00000'),
(662, 'Sys2.1Coffee9', '2020-05-29', 2, 4, 9, '0.00000'),
(663, 'Sys1.1SP5005', '2020-06-03', 3, 2, 5, '-0.00284'),
(664, 'Sys1.1SP5006', '2020-06-03', 1, 2, 5, '0.00000'),
(665, 'Sys1.0SP5005', '2020-06-03', 3, 1, 5, '-0.00291'),
(666, 'Sys1.0SP5006', '2020-06-03', 1, 1, 5, '0.00000'),
(667, 'Sys2.1SP5008', '2020-06-03', 1, 4, 5, '0.00000'),
(668, 'Sys2.0SP5008', '2020-06-03', 1, 3, 5, '0.00000'),
(669, 'Sys2.0UKGilt6', '2020-06-03', 3, 3, 12, '-0.00354'),
(670, 'Sys2.0US10yr5', '2020-06-03', 3, 3, 13, '0.01511'),
(671, 'Sys1.1EurUsd3', '2020-06-05', 1, 2, 2, '0.00000'),
(672, 'Sys1.0EurUsd3', '2020-06-05', 3, 1, 2, '-0.00378'),
(673, 'Sys1.0EurUsd4', '2020-06-05', 1, 1, 2, '0.00000'),
(674, 'Sys2.1EurUsd8', '2020-06-05', 1, 4, 2, '0.00000'),
(675, 'Sys2.1US10yr4', '2020-06-05', 3, 4, 13, '0.01314'),
(676, 'Sys2.0EurUsd9', '2020-06-05', 1, 3, 2, '0.00000'),
(677, 'Sys1.1UsdJpy7', '2020-06-08', 1, 2, 8, '0.00000'),
(678, 'Sys2.1UsdJpy9', '2020-06-08', 1, 4, 8, '0.00000'),
(679, 'Sys1.1UsdJpy7', '2020-06-10', 3, 2, 8, '-0.00544'),
(680, 'Sys2.1UsdJpy9', '2020-06-10', 3, 4, 8, '-0.00545'),
(681, 'Sys1.1Copper5', '2020-06-18', 3, 2, 14, '-0.00069'),
(682, 'Sys1.0Copper6', '2020-06-18', 3, 1, 14, '-0.00088'),
(683, 'Sys1.0EurGbp10', '2020-06-19', 1, 1, 10, '0.00000'),
(684, 'Sys2.0EurGbp10', '2020-06-19', 1, 3, 10, '0.00000'),
(685, 'Sys1.0EUBund4', '2020-06-22', 1, 1, 11, '0.00000'),
(686, 'Sys2.0EUBund7', '2020-06-22', 1, 3, 11, '0.00000'),
(687, 'Sys1.1EUBund4', '2020-06-26', 1, 2, 11, '0.00000'),
(688, 'Sys1.0Copper7', '2020-06-26', 1, 1, 14, '0.00000'),
(689, 'Sys2.1EUBund7', '2020-06-26', 1, 4, 11, '0.00000'),
(690, 'Sys2.0Copper10', '2020-06-26', 1, 3, 14, '0.00000'),
(691, 'Sys1.1Palladium3', '2020-06-29', 3, 2, 3, '0.02809'),
(692, 'Sys1.1EurGbp10', '2020-06-29', 1, 2, 10, '0.00000'),
(693, 'Sys1.0Palladium3', '2020-06-29', 3, 1, 3, '0.02810'),
(694, 'Sys2.1EurGbp10', '2020-06-29', 1, 4, 10, '0.00000'),
(695, 'Sys1.1Copper6', '2020-07-01', 1, 2, 14, '0.00000'),
(696, 'Sys2.1Copper7', '2020-07-01', 1, 4, 14, '0.00000'),
(697, 'Sys2.0Coffee10', '2020-07-02', 3, 3, 9, '-0.00098'),
(698, 'Sys2.0US10yr6', '2020-07-10', 1, 3, 13, '0.00000'),
(699, 'Sys1.1Cotton5', '2020-07-13', 3, 2, 4, '-0.00177'),
(700, 'Sys1.0Cotton4', '2020-07-13', 3, 1, 4, '-0.00221'),
(701, 'Sys1.0Palladium4', '2020-07-21', 1, 1, 3, '0.00000'),
(702, 'Sys2.0Palladium6', '2020-07-21', 1, 3, 3, '0.00000'),
(703, 'Sys1.1Palladium4', '2020-07-22', 1, 2, 3, '0.00000'),
(704, 'Sys2.1Palladium6', '2020-07-22', 1, 4, 3, '0.00000'),
(705, 'Sys2.1Coffee9', '2020-07-23', 3, 4, 9, '-0.00248'),
(706, 'Sys1.0UsdJpy9', '2020-07-24', 2, 1, 8, '0.00000'),
(707, 'Sys2.0UsdJpy11', '2020-07-24', 2, 3, 8, '0.00000'),
(708, 'Sys1.1UsdJpy8', '2020-07-28', 2, 2, 8, '0.00000'),
(709, 'Sys2.1UsdJpy10', '2020-07-28', 2, 4, 8, '0.00000'),
(710, 'Sys1.1Coffee7', '2020-07-29', 3, 2, 9, '-0.00330'),
(711, 'Sys1.0Coffee7', '2020-07-30', 3, 1, 9, '-0.00328'),
(712, 'Sys1.1Coffee8', '2020-07-31', 1, 2, 9, '0.00000'),
(713, 'Sys1.0Coffee8', '2020-07-31', 1, 1, 9, '0.00000'),
(714, 'Sys2.1Coffee10', '2020-07-31', 1, 4, 9, '0.00000'),
(715, 'Sys2.1US10yr5', '2020-07-31', 1, 4, 13, '0.00000'),
(716, 'Sys2.0Coffee11', '2020-07-31', 1, 3, 9, '0.00000'),
(717, 'Sys2.0UKGilt7', '2020-08-04', 1, 3, 12, '0.00000'),
(718, 'Sys2.1UKGilt5', '2020-08-05', 1, 4, 12, '0.00000'),
(719, 'Sys1.1Sugar7', '2020-08-07', 3, 2, 7, '-0.00332'),
(720, 'Sys1.1Sugar8', '2020-08-07', 1, 2, 7, '0.00000'),
(721, 'Sys1.0Sugar8', '2020-08-07', 3, 1, 7, '-0.00366'),
(722, 'Sys1.0Sugar9', '2020-08-07', 1, 1, 7, '0.00000'),
(723, 'Sys2.1Sugar10', '2020-08-07', 1, 4, 7, '0.00000'),
(724, 'Sys2.0Sugar11', '2020-08-07', 1, 3, 7, '0.00000'),
(725, 'Sys2.0UKGilt7', '2020-08-11', 3, 3, 12, '-0.00399'),
(726, 'Sys2.1UKGilt5', '2020-08-12', 3, 4, 12, '-0.00441'),
(727, 'Sys2.0US10yr6', '2020-08-12', 3, 3, 13, '-0.00156'),
(728, 'Sys2.0Copper10', '2020-08-13', 3, 3, 14, '0.00102'),
(729, 'Sys2.0EUBund7', '2020-08-13', 3, 3, 11, '-0.00048'),
(730, 'Sys2.1EUBund7', '2020-08-14', 3, 4, 11, '-0.00119'),
(731, 'Sys2.1US10yr5', '2020-08-14', 3, 4, 13, '-0.00300'),
(732, 'Sys2.0Copper11', '2020-08-19', 1, 3, 14, '0.00000'),
(733, 'Sys2.0EurGbp10', '2020-08-21', 3, 3, 10, '-0.00156'),
(734, 'Sys1.0Cotton5', '2020-08-25', 1, 1, 4, '0.00000'),
(735, 'Sys2.0Cotton11', '2020-08-25', 1, 3, 4, '0.00000'),
(736, 'Sys1.1Cotton6', '2020-08-26', 1, 2, 4, '0.00000'),
(737, 'Sys2.1Cotton7', '2020-08-26', 1, 4, 4, '0.00000'),
(738, 'Sys2.1EurGbp10', '2020-08-31', 3, 4, 10, '-0.00292'),
(739, 'Sys2.0Sugar11', '2020-09-04', 3, 3, 7, '-0.00284'),
(740, 'Sys2.0EurGbp11', '2020-09-10', 1, 3, 10, '0.00000'),
(741, 'Sys1.1Sugar8', '2020-09-11', 3, 2, 7, '-0.00268'),
(742, 'Sys1.0Sugar9', '2020-09-11', 3, 1, 7, '-0.00268'),
(743, 'Sys2.1EurGbp11', '2020-09-11', 1, 4, 10, '0.00000'),
(744, 'Sys2.1Sugar10', '2020-09-11', 3, 4, 7, '-0.00267'),
(745, 'Sys2.0EurUsd9', '2020-09-17', 3, 3, 2, '0.00336'),
(746, 'Sys2.0SP5008', '2020-09-18', 3, 3, 5, '0.00340'),
(747, 'Sys2.0XauUsd7', '2020-09-21', 3, 3, 1, '0.00298'),
(748, 'Sys2.0Coffee11', '2020-09-21', 3, 3, 9, '-0.00119'),
(749, 'Sys1.1Cotton6', '2020-09-22', 3, 2, 4, '-0.00384'),
(750, 'Sys1.0Cotton5', '2020-09-22', 3, 1, 4, '-0.00441'),
(751, 'Sys2.1SP5008', '2020-09-22', 3, 4, 5, '0.00304'),
(752, 'Sys2.1Cotton7', '2020-09-22', 3, 4, 4, '-0.00384'),
(753, 'Sys2.0Cotton11', '2020-09-22', 3, 3, 4, '-0.00442'),
(754, 'Sys2.1EurUsd8', '2020-09-23', 3, 4, 2, '0.00307'),
(755, 'Sys2.1Coffee10', '2020-09-23', 3, 4, 9, '-0.00169'),
(756, 'Sys2.1XauUsd6', '2020-09-24', 3, 4, 1, '0.00214'),
(757, 'Sys2.0Fra4010', '2020-09-24', 2, 3, 6, '0.00000'),
(758, 'Sys1.0Cotton6', '2020-09-25', 1, 1, 4, '0.00000'),
(759, 'Sys2.0Cotton12', '2020-09-25', 1, 3, 4, '0.00000'),
(760, 'Sys1.0Sugar10', '2020-09-30', 1, 1, 7, '0.00000'),
(761, 'Sys2.0Sugar12', '2020-09-30', 1, 3, 7, '0.00000'),
(762, 'Sys1.1Sugar9', '2020-10-01', 1, 2, 7, '0.00000'),
(763, 'Sys2.1Sugar11', '2020-10-01', 1, 4, 7, '0.00000'),
(764, 'Sys2.0Copper11', '2020-10-01', 3, 3, 14, '-0.00097'),
(765, 'Sys1.1Coffee8', '2020-10-02', 3, 2, 9, '-0.00269'),
(766, 'Sys1.0Coffee8', '2020-10-02', 3, 1, 9, '-0.00271'),
(767, 'Sys1.0Coffee9', '2020-10-02', 2, 1, 9, '0.00000'),
(768, 'Sys2.1Copper7', '2020-10-02', 3, 4, 14, '0.00182'),
(769, 'Sys2.0Coffee12', '2020-10-02', 2, 3, 9, '0.00000'),
(770, 'Sys1.1Cotton7', '2020-10-08', 1, 2, 4, '0.00000'),
(771, 'Sys2.1Cotton8', '2020-10-08', 1, 4, 4, '0.00000'),
(772, 'Sys2.0EurGbp11', '2020-10-14', 3, 3, 10, '-0.00227'),
(773, 'Sys2.0Copper12', '2020-10-20', 1, 3, 14, '0.00000'),
(774, 'Sys1.1Coffee9', '2020-10-21', 2, 2, 9, '0.00000'),
(775, 'Sys2.1Copper8', '2020-10-21', 1, 4, 14, '0.00000'),
(776, 'Sys2.1Coffee11', '2020-10-21', 2, 4, 9, '0.00000'),
(777, 'Sys2.1Fra408', '2020-10-29', 2, 4, 6, '0.00000'),
(778, 'Sys2.0Palladium6', '2020-10-29', 3, 3, 3, '0.00083'),
(779, 'Sys2.1EurGbp11', '2020-11-02', 3, 4, 10, '-0.00348'),
(780, 'Sys2.1Fra408', '2020-11-04', 3, 4, 6, '-0.00342'),
(781, 'Sys2.0Fra4010', '2020-11-05', 3, 3, 6, '-0.00191'),
(782, 'Sys2.0Palladium7', '2020-11-06', 1, 3, 3, '0.00000'),
(783, 'Sys2.0SP5009', '2020-11-09', 1, 3, 5, '0.00000'),
(784, 'Sys1.1UKGilt3', '2020-11-11', 3, 2, 12, '0.01866'),
(785, 'Sys1.0UKGilt3', '2020-11-11', 3, 1, 12, '0.01781'),
(786, 'Sys1.0UKGilt4', '2020-11-11', 2, 1, 12, '0.00000'),
(787, 'Sys2.0UKGilt8', '2020-11-11', 2, 3, 12, '0.00000'),
(788, 'Sys1.1Fra407', '2020-11-16', 3, 2, 6, '-0.00253'),
(789, 'Sys1.0Fra407', '2020-11-16', 3, 1, 6, '-0.00116'),
(790, 'Sys1.0Fra408', '2020-11-16', 1, 1, 6, '0.00000'),
(791, 'Sys2.0Fra4011', '2020-11-16', 1, 3, 6, '0.00000'),
(792, 'Sys2.0Coffee12', '2020-11-16', 3, 3, 9, '-0.00131'),
(793, 'Sys1.1Fra408', '2020-11-17', 1, 2, 6, '0.00000'),
(794, 'Sys2.1Fra409', '2020-11-17', 1, 4, 6, '0.00000'),
(795, 'Sys2.1Coffee11', '2020-11-17', 3, 4, 9, '-0.00263'),
(796, 'Sys2.0EurUsd10', '2020-11-25', 1, 3, 2, '0.00000'),
(797, 'Sys2.1EurUsd9', '2020-11-30', 1, 4, 2, '0.00000'),
(798, 'Sys1.1Coffee9', '2020-12-07', 3, 2, 9, '-0.00335'),
(799, 'Sys2.1SP5009', '2020-12-07', 1, 4, 5, '0.00000'),
(800, 'Sys2.0EUBund8', '2020-12-07', 1, 3, 11, '0.00000'),
(801, 'Sys2.1EUBund8', '2020-12-08', 1, 4, 11, '0.00000'),
(802, 'Sys1.0Coffee9', '2020-12-09', 3, 1, 9, '-0.00260'),
(803, 'Sys1.0Coffee10', '2020-12-11', 1, 1, 9, '0.00000'),
(804, 'Sys2.0EurGbp12', '2020-12-11', 1, 3, 10, '0.00000'),
(805, 'Sys2.0Coffee13', '2020-12-11', 1, 3, 9, '0.00000'),
(806, 'Sys2.0Sugar12', '2020-12-14', 3, 3, 7, '0.00203'),
(807, 'Sys1.1Coffee10', '2020-12-15', 1, 2, 9, '0.00000'),
(808, 'Sys2.1Coffee12', '2020-12-15', 1, 4, 9, '0.00000'),
(809, 'Sys2.1Sugar11', '2020-12-15', 3, 4, 7, '0.00139'),
(810, 'Sys2.0Fra4011', '2020-12-21', 3, 3, 6, '-0.00035'),
(811, 'Sys2.0Fra4012', '2020-12-29', 1, 3, 6, '0.00000'),
(812, 'Sys2.0Sugar13', '2021-01-04', 1, 3, 7, '0.00000'),
(813, 'Sys2.0UKGilt8', '2021-01-04', 3, 3, 12, '-0.00347'),
(814, 'Sys2.1Sugar12', '2021-01-05', 1, 4, 7, '0.00000'),
(815, 'Sys1.1US10yr3', '2021-01-11', 3, 2, 13, '0.03220'),
(816, 'Sys1.1US10yr4', '2021-01-11', 2, 2, 13, '0.00000'),
(817, 'Sys1.0US10yr4', '2021-01-11', 3, 1, 13, '0.03629'),
(818, 'Sys1.0US10yr5', '2021-01-11', 2, 1, 13, '0.00000'),
(819, 'Sys2.1US10yr6', '2021-01-11', 2, 4, 13, '0.00000'),
(820, 'Sys2.0US10yr7', '2021-01-11', 2, 3, 13, '0.00000'),
(821, 'Sys2.0EurGbp12', '2021-01-12', 3, 3, 10, '-0.00313'),
(822, 'Sys2.0EurUsd10', '2021-01-18', 3, 3, 2, '0.00127'),
(823, 'Sys1.1EurGbp10', '2021-01-21', 3, 2, 10, '-0.00489'),
(824, 'Sys1.0EurGbp10', '2021-01-21', 3, 1, 10, '-0.00398'),
(825, 'Sys1.0EurGbp11', '2021-01-21', 2, 1, 10, '0.00000'),
(826, 'Sys2.0EurGbp13', '2021-01-21', 2, 3, 10, '0.00000'),
(827, 'Sys2.0Fra4012', '2021-01-28', 3, 3, 6, '-0.00244'),
(828, 'Sys2.0Palladium7', '2021-01-28', 3, 3, 3, '-0.00204'),
(829, 'Sys2.0UsdJpy11', '2021-01-28', 3, 3, 8, '-0.00932'),
(830, 'Sys2.1Palladium6', '2021-02-01', 3, 4, 3, '0.00123'),
(831, 'Sys2.1UsdJpy10', '2021-02-01', 3, 4, 8, '-0.01027'),
(832, 'Sys2.1EurUsd9', '2021-02-03', 3, 4, 2, '0.00035'),
(833, 'Sys2.0UKGilt9', '2021-02-03', 2, 3, 12, '0.00000'),
(834, 'Sys1.1UKGilt4', '2021-02-04', 2, 2, 12, '0.00000'),
(835, 'Sys2.1UKGilt6', '2021-02-04', 2, 4, 12, '0.00000'),
(836, 'Sys2.0EUBund8', '2021-02-04', 3, 3, 11, '-0.00097'),
(837, 'Sys1.1EurGbp11', '2021-02-05', 2, 2, 10, '0.00000'),
(838, 'Sys2.1EurGbp12', '2021-02-05', 2, 4, 10, '0.00000'),
(839, 'Sys2.1EUBund8', '2021-02-05', 3, 4, 11, '-0.00223'),
(840, 'Sys2.0Fra4013', '2021-02-15', 1, 3, 6, '0.00000'),
(841, 'Sys1.1XauUsd3', '2021-02-19', 3, 2, 1, '0.01776'),
(842, 'Sys1.0XauUsd3', '2021-02-19', 3, 1, 1, '0.01772'),
(843, 'Sys1.0XauUsd4', '2021-02-19', 2, 1, 1, '0.00000'),
(844, 'Sys2.0XauUsd8', '2021-02-19', 2, 3, 1, '0.00000'),
(845, 'Sys1.1EUBund4', '2021-02-24', 3, 2, 11, '-0.00215'),
(846, 'Sys1.0EUBund4', '2021-02-24', 3, 1, 11, '-0.00167'),
(847, 'Sys1.0EUBund5', '2021-02-25', 2, 1, 11, '0.00000'),
(848, 'Sys2.0EUBund9', '2021-02-25', 2, 3, 11, '0.00000'),
(849, 'Sys1.1EUBund5', '2021-02-26', 2, 2, 11, '0.00000'),
(850, 'Sys2.1EUBund9', '2021-02-26', 2, 4, 11, '0.00000'),
(851, 'Sys1.1XauUsd4', '2021-03-01', 2, 2, 1, '0.00000'),
(852, 'Sys2.1XauUsd7', '2021-03-01', 2, 4, 1, '0.00000'),
(853, 'Sys1.1UsdJpy8', '2021-03-04', 3, 2, 8, '-0.01736'),
(854, 'Sys1.1UsdJpy9', '2021-03-04', 1, 2, 8, '0.00000'),
(855, 'Sys1.0UsdJpy9', '2021-03-04', 3, 1, 8, '-0.01910'),
(856, 'Sys1.0UsdJpy10', '2021-03-04', 1, 1, 8, '0.00000'),
(857, 'Sys2.1UsdJpy11', '2021-03-04', 1, 4, 8, '0.00000'),
(858, 'Sys2.0UsdJpy12', '2021-03-04', 1, 3, 8, '0.00000'),
(859, 'Sys2.0Palladium8', '2021-03-16', 1, 3, 3, '0.00000'),
(860, 'Sys2.1Palladium7', '2021-03-18', 1, 4, 3, '0.00000'),
(861, 'Sys2.0Sugar13', '2021-03-18', 3, 3, 7, '0.00019'),
(862, 'Sys2.1Sugar12', '2021-03-19', 3, 4, 7, '-0.00019'),
(863, 'Sys2.0Cotton12', '2021-03-24', 3, 3, 4, '0.00972'),
(864, 'Sys2.1Cotton8', '2021-03-25', 3, 4, 4, '0.00789'),
(865, 'Sys2.0Coffee13', '2021-03-25', 3, 3, 9, '0.00044'),
(866, 'Sys2.1Coffee12', '2021-03-31', 3, 4, 9, '-0.00084'),
(867, 'Sys2.0XauUsd8', '2021-04-08', 3, 3, 1, '0.00047'),
(868, 'Sys2.0EurGbp13', '2021-04-08', 3, 3, 10, '0.00271'),
(869, 'Sys2.1XauUsd7', '2021-04-09', 3, 4, 1, '-0.00078'),
(870, 'Sys2.1EurGbp12', '2021-04-09', 3, 4, 10, '0.00144'),
(871, 'Sys2.0UsdJpy12', '2021-04-19', 3, 3, 8, '0.00295'),
(872, 'Sys2.1UsdJpy11', '2021-04-20', 3, 4, 8, '0.00265'),
(873, 'Sys2.0UKGilt9', '2021-04-21', 3, 3, 12, '0.01105'),
(874, 'Sys2.0US10yr7', '2021-04-22', 3, 3, 13, '0.00930'),
(875, 'Sys2.0Coffee14', '2021-04-23', 1, 3, 9, '0.00000'),
(876, 'Sys2.1Coffee13', '2021-04-27', 1, 4, 9, '0.00000'),
(877, 'Sys2.0EurUsd11', '2021-05-10', 1, 3, 2, '0.00000'),
(878, 'Sys2.0Sugar14', '2021-05-11', 1, 3, 7, '0.00000'),
(879, 'Sys2.1Sugar13', '2021-05-12', 1, 4, 7, '0.00000'),
(880, 'Sys2.0SP5009', '2021-05-12', 3, 3, 5, '0.00612'),
(881, 'Sys2.1SP5009', '2021-05-13', 3, 4, 5, '0.00816');
INSERT INTO `Trading_operation` (`trade_id`, `trade_identifier`, `trade_date`, `operation_id`, `system_id`, `market_id`, `profit`) VALUES
(882, 'Sys1.1XauUsd4', '2021-05-17', 3, 2, 1, '-0.00395'),
(883, 'Sys1.0XauUsd4', '2021-05-18', 3, 1, 1, '-0.00389'),
(884, 'Sys2.1EurUsd10', '2021-05-19', 1, 4, 2, '0.00000'),
(885, 'Sys2.0Palladium8', '2021-05-24', 3, 3, 3, '0.00232'),
(886, 'Sys1.0XauUsd5', '2021-05-25', 1, 1, 1, '0.00000'),
(887, 'Sys2.1Palladium7', '2021-05-25', 3, 4, 3, '0.00134'),
(888, 'Sys2.0XauUsd9', '2021-05-25', 1, 3, 1, '0.00000'),
(889, 'Sys1.1XauUsd5', '2021-05-26', 1, 2, 1, '0.00000'),
(890, 'Sys2.1XauUsd8', '2021-05-26', 1, 4, 1, '0.00000'),
(891, 'Sys2.0Copper12', '2021-06-03', 3, 3, 14, '0.01633'),
(892, 'Sys2.0UKGilt10', '2021-06-03', 2, 3, 12, '0.00000'),
(893, 'Sys2.0EUBund9', '2021-06-07', 3, 3, 11, '0.00215'),
(894, 'Sys2.1EUBund9', '2021-06-08', 3, 4, 11, '0.00101'),
(895, 'Sys2.0SP50010', '2021-06-10', 1, 3, 5, '0.00000'),
(896, 'Sys2.1SP50010', '2021-06-11', 1, 4, 5, '0.00000'),
(897, 'Sys1.1XauUsd5', '2021-06-16', 3, 2, 1, '-0.00427'),
(898, 'Sys2.1XauUsd8', '2021-06-16', 3, 4, 1, '-0.00425'),
(899, 'Sys2.1Copper8', '2021-06-16', 3, 4, 14, '0.01402'),
(900, 'Sys2.0XauUsd9', '2021-06-16', 3, 3, 1, '-0.00370'),
(901, 'Sys2.0EurUsd11', '2021-06-16', 3, 3, 2, '-0.00211'),
(902, 'Sys2.0UsdJpy13', '2021-06-16', 1, 3, 8, '0.00000'),
(903, 'Sys1.0XauUsd5', '2021-06-17', 3, 1, 1, '-0.00423'),
(904, 'Sys2.1EurUsd10', '2021-06-17', 3, 4, 2, '-0.00354'),
(905, 'Sys2.1UsdJpy12', '2021-06-17', 1, 4, 8, '0.00000'),
(906, 'Sys2.0EurGbp14', '2021-06-17', 2, 3, 10, '0.00000'),
(907, 'Sys2.0Sugar14', '2021-06-17', 3, 3, 7, '-0.00259'),
(908, 'Sys2.1EurGbp13', '2021-06-18', 2, 4, 10, '0.00000'),
(909, 'Sys2.1Sugar13', '2021-06-21', 3, 4, 7, '-0.00330'),
(910, 'Sys1.0XauUsd6', '2021-06-29', 2, 1, 1, '0.00000'),
(911, 'Sys2.0XauUsd10', '2021-06-29', 2, 3, 1, '0.00000'),
(912, 'Sys1.1EurUsd3', '2021-06-30', 3, 2, 2, '0.00239'),
(913, 'Sys1.0EurUsd4', '2021-06-30', 3, 1, 2, '0.00211'),
(914, 'Sys1.0EurUsd5', '2021-06-30', 2, 1, 2, '0.00000'),
(915, 'Sys2.0EurUsd12', '2021-06-30', 2, 3, 2, '0.00000'),
(916, 'Sys2.0Sugar15', '2021-07-01', 1, 3, 7, '0.00000'),
(917, 'Sys2.0UKGilt10', '2021-07-02', 3, 3, 12, '-0.00299'),
(918, 'Sys2.1UKGilt6', '2021-07-07', 3, 4, 12, '0.01080'),
(919, 'Sys2.1US10yr6', '2021-07-07', 3, 4, 13, '0.00746'),
(920, 'Sys1.1EurUsd4', '2021-07-08', 2, 2, 2, '0.00000'),
(921, 'Sys2.1EurUsd11', '2021-07-08', 2, 4, 2, '0.00000'),
(922, 'Sys2.0Fra4013', '2021-07-08', 3, 3, 6, '0.00631'),
(923, 'Sys2.1Fra409', '2021-07-09', 3, 4, 6, '0.00497'),
(924, 'Sys2.0EurGbp14', '2021-07-19', 3, 3, 10, '-0.00152'),
(925, 'Sys2.0UsdJpy13', '2021-07-19', 3, 3, 8, '-0.00197'),
(926, 'Sys1.1EUBund5', '2021-07-20', 3, 2, 11, '-0.00330'),
(927, 'Sys1.1EUBund6', '2021-07-20', 1, 2, 11, '0.00000'),
(928, 'Sys1.0EUBund5', '2021-07-20', 3, 1, 11, '-0.00263'),
(929, 'Sys1.0EUBund6', '2021-07-20', 1, 1, 11, '0.00000'),
(930, 'Sys2.1UsdJpy12', '2021-07-20', 3, 4, 8, '-0.00297'),
(931, 'Sys2.1EUBund10', '2021-07-20', 1, 4, 11, '0.00000'),
(932, 'Sys2.0EUBund10', '2021-07-20', 1, 3, 11, '0.00000'),
(933, 'Sys2.0Cotton13', '2021-07-22', 1, 3, 4, '0.00000'),
(934, 'Sys2.1Sugar14', '2021-07-27', 1, 4, 7, '0.00000'),
(935, 'Sys2.0EurGbp15', '2021-07-28', 2, 3, 10, '0.00000'),
(936, 'Sys2.0Fra4014', '2021-08-02', 1, 3, 6, '0.00000'),
(937, 'Sys2.1Fra4010', '2021-08-04', 1, 4, 6, '0.00000'),
(938, 'Sys2.1Cotton9', '2021-08-09', 1, 4, 4, '0.00000'),
(939, 'Sys1.1XauUsd6', '2021-08-10', 2, 2, 1, '0.00000'),
(940, 'Sys2.1XauUsd9', '2021-08-10', 2, 4, 1, '0.00000'),
(941, 'Sys1.1Palladium4', '2021-08-24', 3, 2, 3, '0.00303'),
(942, 'Sys1.0Palladium4', '2021-08-24', 3, 1, 3, '0.00355'),
(943, 'Sys2.0EurGbp15', '2021-08-31', 3, 3, 10, '-0.00167'),
(944, 'Sys2.0EUBund10', '2021-08-31', 3, 3, 11, '-0.00014'),
(945, 'Sys2.1EUBund10', '2021-09-01', 3, 4, 11, '-0.00019'),
(946, 'Sys1.1XauUsd6', '2021-09-03', 3, 2, 1, '-0.00396'),
(947, 'Sys2.1XauUsd9', '2021-09-03', 3, 4, 1, '-0.00394'),
(948, 'Sys2.0XauUsd10', '2021-09-03', 3, 3, 1, '-0.00277'),
(949, 'Sys2.0EurUsd12', '2021-09-03', 3, 3, 2, '-0.00090'),
(950, 'Sys1.1EUBund6', '2021-09-08', 3, 2, 11, '-0.00421'),
(951, 'Sys1.0Palladium5', '2021-09-08', 2, 1, 3, '0.00000'),
(952, 'Sys1.0EUBund6', '2021-09-08', 3, 1, 11, '-0.00397'),
(953, 'Sys2.0Palladium9', '2021-09-08', 2, 3, 3, '0.00000'),
(954, 'Sys1.1Palladium5', '2021-09-09', 2, 2, 3, '0.00000'),
(955, 'Sys2.1Palladium8', '2021-09-09', 2, 4, 3, '0.00000'),
(956, 'Sys2.0UKGilt11', '2021-09-09', 2, 3, 12, '0.00000'),
(957, 'Sys1.0EUBund7', '2021-09-14', 2, 1, 11, '0.00000'),
(958, 'Sys2.0EUBund11', '2021-09-14', 2, 3, 11, '0.00000'),
(959, 'Sys1.1EUBund7', '2021-09-17', 2, 2, 11, '0.00000'),
(960, 'Sys2.1EUBund11', '2021-09-17', 2, 4, 11, '0.00000'),
(961, 'Sys2.1UKGilt7', '2021-09-17', 2, 4, 12, '0.00000'),
(962, 'Sys2.0Fra4014', '2021-09-17', 3, 3, 6, '-0.00117'),
(963, 'Sys2.0US10yr8', '2021-09-17', 2, 3, 13, '0.00000'),
(964, 'Sys2.1Fra4010', '2021-09-20', 3, 4, 6, '-0.00164'),
(965, 'Sys2.1US10yr7', '2021-09-20', 2, 4, 13, '0.00000'),
(966, 'Sys2.0SP50010', '2021-09-20', 3, 3, 5, '0.00292'),
(967, 'Sys2.0Cotton13', '2021-09-20', 3, 3, 4, '0.00071'),
(968, 'Sys2.1SP50010', '2021-09-21', 3, 4, 5, '0.00296'),
(969, 'Sys2.1Cotton9', '2021-09-21', 3, 4, 4, '-0.00180'),
(970, 'Sys2.0UsdJpy14', '2021-09-24', 1, 3, 8, '0.00000'),
(971, 'Sys2.0Cotton14', '2021-09-27', 1, 3, 4, '0.00000'),
(972, 'Sys2.1UsdJpy13', '2021-09-28', 1, 4, 8, '0.00000'),
(973, 'Sys2.1Cotton10', '2021-09-28', 1, 4, 4, '0.00000'),
(974, 'Sys2.0Sugar15', '2021-09-28', 3, 3, 7, '0.00053'),
(975, 'Sys2.1EurGbp13', '2021-09-29', 3, 4, 10, '-0.00189'),
(976, 'Sys2.0EurUsd13', '2021-09-29', 2, 3, 2, '0.00000'),
(977, 'Sys2.0Sugar16', '2021-09-30', 1, 3, 7, '0.00000'),
(978, 'Sys2.0Copper13', '2021-10-13', 1, 3, 14, '0.00000'),
(979, 'Sys2.1Copper9', '2021-10-14', 1, 4, 14, '0.00000'),
(980, 'Sys2.0EurGbp16', '2021-10-15', 2, 3, 10, '0.00000'),
(981, 'Sys2.1EurGbp14', '2021-10-18', 2, 4, 10, '0.00000'),
(982, 'Sys2.0SP50011', '2021-10-22', 1, 3, 5, '0.00000'),
(983, 'Sys2.1SP50011', '2021-10-26', 1, 4, 5, '0.00000'),
(984, 'Sys2.0Fra4015', '2021-10-28', 1, 3, 6, '0.00000'),
(985, 'Sys2.1Fra4011', '2021-10-29', 1, 4, 6, '0.00000'),
(986, 'Sys2.0UKGilt11', '2021-11-04', 3, 3, 12, '0.00394'),
(987, 'Sys2.1UKGilt7', '2021-11-05', 3, 4, 12, '0.00218'),
(988, 'Sys2.0EUBund11', '2021-11-05', 3, 3, 11, '0.00124'),
(989, 'Sys2.1EUBund11', '2021-11-08', 3, 4, 11, '0.00017'),
(990, 'Sys1.0XauUsd6', '2021-11-10', 3, 1, 1, '-0.00388'),
(991, 'Sys1.1XauUsd7', '2021-11-11', 1, 2, 1, '0.00000'),
(992, 'Sys2.1XauUsd10', '2021-11-11', 1, 4, 1, '0.00000'),
(993, 'Sys1.0XauUsd7', '2021-11-12', 1, 1, 1, '0.00000'),
(994, 'Sys2.0XauUsd11', '2021-11-12', 1, 3, 1, '0.00000'),
(995, 'Sys2.0Copper13', '2021-11-17', 3, 3, 14, '-0.00165'),
(996, 'Sys2.1Copper9', '2021-11-18', 3, 4, 14, '-0.00246'),
(997, 'Sys2.0Palladium9', '2021-11-18', 3, 3, 3, '0.00041'),
(998, 'Sys2.0Fra4015', '2021-11-26', 3, 3, 6, '-0.00111'),
(999, 'Sys2.0Palladium10', '2021-11-26', 2, 3, 3, '0.00000'),
(1000, 'Sys1.0XauUsd7', '2021-11-30', 3, 1, 1, '-0.00413'),
(1001, 'Sys2.0XauUsd11', '2021-11-30', 3, 3, 1, '-0.00418'),
(1002, 'Sys2.0UsdJpy14', '2021-11-30', 3, 3, 8, '0.00457'),
(1003, 'Sys2.0Sugar16', '2021-11-30', 3, 3, 7, '-0.00278'),
(1004, 'Sys2.0Cotton14', '2021-11-30', 3, 3, 4, '0.00541'),
(1005, 'Sys2.1Sugar14', '2021-12-01', 3, 4, 7, '0.00038'),
(1006, 'Sys2.1Cotton10', '2021-12-01', 3, 4, 4, '0.00355'),
(1007, 'Sys2.0SP50011', '2021-12-01', 3, 3, 5, '-0.00010'),
(1008, 'Sys1.1XauUsd7', '2021-12-02', 3, 2, 1, '-0.00318'),
(1009, 'Sys2.1SP50011', '2021-12-02', 3, 4, 5, '-0.00099'),
(1010, 'Sys2.1XauUsd10', '2021-12-02', 3, 4, 1, '-0.00324'),
(1011, 'Sys1.1EUBund7', '2021-12-07', 3, 2, 11, '-0.00379'),
(1012, 'Sys1.0EUBund7', '2021-12-08', 3, 1, 11, '-0.00403'),
(1013, 'Sys2.0EurGbp16', '2021-12-08', 3, 3, 10, '-0.00297'),
(1014, 'Sys2.0SP50012', '2021-12-16', 1, 3, 5, '0.00000'),
(1015, 'Sys2.0US10yr8', '2021-12-20', 3, 3, 13, '0.00282'),
(1016, 'Sys2.1SP50012', '2021-12-28', 1, 4, 5, '0.00000'),
(1017, 'Sys2.0Fra4016', '2021-12-29', 1, 3, 6, '0.00000'),
(1018, 'Sys2.0Palladium10', '2021-12-30', 3, 3, 3, '-0.00194'),
(1019, 'Sys2.0EurGbp17', '2021-12-30', 2, 3, 10, '0.00000'),
(1020, 'Sys2.0EurUsd13', '2021-12-31', 3, 3, 2, '0.00565'),
(1021, 'Sys2.1EurUsd11', '2022-01-03', 3, 4, 2, '0.00663'),
(1022, 'Sys2.0Coffee14', '2022-01-03', 3, 3, 9, '0.01914'),
(1023, 'Sys2.0US10yr9', '2022-01-03', 2, 3, 13, '0.00000'),
(1024, 'Sys2.0UsdJpy15', '2022-01-04', 1, 3, 8, '0.00000'),
(1025, 'Sys2.0UKGilt12', '2022-01-06', 2, 3, 12, '0.00000'),
(1026, 'Sys2.1UKGilt8', '2022-01-07', 2, 4, 12, '0.00000'),
(1027, 'Sys2.0Copper14', '2022-01-12', 1, 3, 14, '0.00000'),
(1028, 'Sys2.1Copper10', '2022-01-13', 1, 4, 14, '0.00000'),
(1029, 'Sys2.0UsdJpy15', '2022-01-14', 3, 3, 8, '-0.00510'),
(1030, 'Sys1.0EUBund8', '2022-01-18', 2, 1, 11, '0.00000'),
(1031, 'Sys2.0EUBund12', '2022-01-18', 2, 3, 11, '0.00000'),
(1032, 'Sys1.1EUBund8', '2022-01-19', 2, 2, 11, '0.00000'),
(1033, 'Sys2.1EUBund12', '2022-01-19', 2, 4, 11, '0.00000'),
(1034, 'Sys2.0SP50012', '2022-01-19', 3, 3, 5, '-0.00258'),
(1035, 'Sys2.0Cotton15', '2022-01-19', 1, 3, 4, '0.00000'),
(1036, 'Sys2.1SP50012', '2022-01-20', 3, 4, 5, '-0.00398'),
(1037, 'Sys2.1Cotton11', '2022-01-20', 1, 4, 4, '0.00000'),
(1038, 'Sys2.1Palladium8', '2022-01-21', 3, 4, 3, '0.00158'),
(1039, 'Sys2.0Fra4016', '2022-01-24', 3, 3, 6, '-0.00342'),
(1040, 'Sys2.0EurUsd14', '2022-01-27', 2, 3, 2, '0.00000'),
(1041, 'Sys2.1EurUsd12', '2022-01-28', 2, 4, 2, '0.00000'),
(1042, 'Sys2.0Copper14', '2022-01-28', 3, 3, 14, '-0.00197'),
(1043, 'Sys2.1EurUsd12', '2022-02-03', 3, 4, 2, '-0.00390'),
(1044, 'Sys2.0EurGbp17', '2022-02-04', 3, 3, 10, '-0.00089'),
(1045, 'Sys2.0EurUsd14', '2022-02-04', 3, 3, 2, '-0.00391'),
(1046, 'Sys2.1EurGbp14', '2022-02-07', 3, 4, 10, '-0.00072'),
(1047, 'Sys2.0Copper15', '2022-02-09', 1, 3, 14, '0.00000'),
(1048, 'Sys2.0Coffee15', '2022-02-09', 1, 3, 9, '0.00000'),
(1049, 'Sys2.0UsdJpy16', '2022-02-10', 1, 3, 8, '0.00000'),
(1050, 'Sys1.0XauUsd8', '2022-02-11', 1, 1, 1, '0.00000'),
(1051, 'Sys2.0XauUsd12', '2022-02-11', 1, 3, 1, '0.00000'),
(1052, 'Sys1.1XauUsd8', '2022-02-14', 1, 2, 1, '0.00000'),
(1053, 'Sys2.1XauUsd11', '2022-02-14', 1, 4, 1, '0.00000'),
(1054, 'Sys1.1Sugar9', '2022-02-16', 3, 2, 7, '0.01070'),
(1055, 'Sys1.0Sugar10', '2022-02-16', 3, 1, 7, '0.01169'),
(1056, 'Sys2.1Fra4011', '2022-02-22', 3, 4, 6, '-0.00142'),
(1057, 'Sys1.1SP5006', '2022-02-24', 3, 2, 5, '0.01792'),
(1058, 'Sys1.1Palladium5', '2022-02-24', 3, 2, 3, '-0.00363'),
(1059, 'Sys1.0SP5006', '2022-02-24', 3, 1, 5, '0.01798'),
(1060, 'Sys1.0SP5007', '2022-02-24', 2, 1, 5, '0.00000'),
(1061, 'Sys1.0Palladium5', '2022-02-24', 3, 1, 3, '-0.00358'),
(1062, 'Sys2.0SP50013', '2022-02-24', 2, 3, 5, '0.00000'),
(1063, 'Sys2.0EurUsd15', '2022-02-24', 2, 3, 2, '0.00000'),
(1064, 'Sys2.0Cotton15', '2022-02-24', 3, 3, 4, '-0.00094'),
(1065, 'Sys2.1Cotton11', '2022-02-28', 3, 4, 4, '-0.00210'),
(1066, 'Sys1.0Palladium6', '2022-03-01', 1, 1, 3, '0.00000'),
(1067, 'Sys2.1UKGilt8', '2022-03-01', 3, 4, 12, '-0.00446'),
(1068, 'Sys2.0Palladium11', '2022-03-01', 1, 3, 3, '0.00000'),
(1069, 'Sys2.0EUBund12', '2022-03-01', 3, 3, 11, '-0.00188'),
(1070, 'Sys2.0UKGilt12', '2022-03-01', 3, 3, 12, '-0.00027'),
(1071, 'Sys2.0US10yr9', '2022-03-01', 3, 3, 13, '0.00179'),
(1072, 'Sys2.1US10yr7', '2022-03-02', 3, 4, 13, '0.00866'),
(1073, 'Sys2.0Coffee15', '2022-03-02', 3, 3, 9, '-0.00331'),
(1074, 'Sys2.1Coffee13', '2022-03-03', 3, 4, 9, '0.01826'),
(1075, 'Sys2.0EurGbp18', '2022-03-03', 2, 3, 10, '0.00000'),
(1076, 'Sys1.1Fra408', '2022-03-04', 3, 2, 6, '0.00474'),
(1077, 'Sys1.1Palladium6', '2022-03-04', 1, 2, 3, '0.00000'),
(1078, 'Sys1.0Fra408', '2022-03-04', 3, 1, 6, '0.00484'),
(1079, 'Sys1.0Fra409', '2022-03-04', 2, 1, 6, '0.00000'),
(1080, 'Sys1.0Sugar11', '2022-03-04', 1, 1, 7, '0.00000'),
(1081, 'Sys2.1Palladium9', '2022-03-04', 1, 4, 3, '0.00000'),
(1082, 'Sys2.0Fra4017', '2022-03-04', 2, 3, 6, '0.00000'),
(1083, 'Sys2.0Sugar17', '2022-03-04', 1, 3, 7, '0.00000'),
(1084, 'Sys1.1Fra409', '2022-03-07', 2, 2, 6, '0.00000'),
(1085, 'Sys2.1Fra4012', '2022-03-07', 2, 4, 6, '0.00000'),
(1086, 'Sys2.1EurGbp15', '2022-03-07', 2, 4, 10, '0.00000'),
(1087, 'Sys2.1EurUsd13', '2022-03-07', 2, 4, 2, '0.00000'),
(1088, 'Sys2.0EUBund13', '2022-03-09', 2, 3, 11, '0.00000'),
(1089, 'Sys2.0US10yr10', '2022-03-14', 2, 3, 13, '0.00000'),
(1090, 'Sys2.1US10yr8', '2022-03-15', 2, 4, 13, '0.00000'),
(1091, 'Sys2.0EurGbp18', '2022-03-15', 3, 3, 10, '-0.00327'),
(1092, 'Sys2.1EurGbp15', '2022-03-17', 3, 4, 10, '-0.00388'),
(1093, 'Sys2.0Cotton16', '2022-03-21', 1, 3, 4, '0.00000'),
(1094, 'Sys2.1Cotton12', '2022-03-22', 1, 4, 4, '0.00000'),
(1095, 'Sys2.0SP50013', '2022-03-22', 3, 3, 5, '-0.00295'),
(1096, 'Sys2.0Palladium11', '2022-03-25', 3, 3, 3, '-0.00244'),
(1097, 'Sys1.1Palladium6', '2022-03-29', 3, 2, 3, '-0.00334'),
(1098, 'Sys1.0SP5007', '2022-03-29', 3, 1, 5, '-0.00390'),
(1099, 'Sys1.0Palladium6', '2022-03-29', 3, 1, 3, '-0.00358'),
(1100, 'Sys2.1Palladium9', '2022-03-29', 3, 4, 3, '-0.00282'),
(1101, 'Sys1.1Sugar10', '2022-04-11', 1, 2, 7, '0.00000'),
(1102, 'Sys2.1Sugar15', '2022-04-11', 1, 4, 7, '0.00000'),
(1103, 'Sys2.0UKGilt13', '2022-04-11', 2, 3, 12, '0.00000'),
(1104, 'Sys2.1UKGilt9', '2022-04-12', 2, 4, 12, '0.00000'),
(1105, 'Sys2.0Copper15', '2022-04-22', 3, 3, 14, '0.00004'),
(1106, 'Sys2.1Copper10', '2022-04-25', 3, 4, 14, '0.00001'),
(1107, 'Sys2.0XauUsd12', '2022-04-27', 3, 3, 1, '0.00050'),
(1108, 'Sys2.0Sugar17', '2022-04-27', 3, 3, 7, '-0.00127'),
(1109, 'Sys2.1XauUsd11', '2022-04-28', 3, 4, 1, '-0.00014'),
(1110, 'Sys1.1Sugar10', '2022-05-02', 3, 2, 7, '-0.00355'),
(1111, 'Sys1.0SP5008', '2022-05-02', 2, 1, 5, '0.00000'),
(1112, 'Sys2.1Sugar15', '2022-05-02', 3, 4, 7, '-0.00355'),
(1113, 'Sys2.0SP50014', '2022-05-02', 2, 3, 5, '0.00000'),
(1114, 'Sys1.1Copper6', '2022-05-06', 3, 2, 14, '0.02058'),
(1115, 'Sys1.0Palladium7', '2022-05-06', 2, 1, 3, '0.00000'),
(1116, 'Sys1.0Copper7', '2022-05-06', 3, 1, 14, '0.02000'),
(1117, 'Sys2.0Palladium12', '2022-05-06', 2, 3, 3, '0.00000'),
(1118, 'Sys1.0Copper8', '2022-05-09', 2, 1, 14, '0.00000'),
(1119, 'Sys2.0Copper16', '2022-05-09', 2, 3, 14, '0.00000'),
(1120, 'Sys1.1SP5007', '2022-05-10', 2, 2, 5, '0.00000'),
(1121, 'Sys1.1Copper7', '2022-05-10', 2, 2, 14, '0.00000'),
(1122, 'Sys2.1SP50013', '2022-05-10', 2, 4, 5, '0.00000'),
(1123, 'Sys2.1Copper11', '2022-05-10', 2, 4, 14, '0.00000'),
(1124, 'Sys1.1EurGbp11', '2022-05-12', 3, 2, 10, '0.00340'),
(1125, 'Sys1.0EurGbp11', '2022-05-12', 3, 1, 10, '0.00415'),
(1126, 'Sys1.0EurGbp12', '2022-05-12', 1, 1, 10, '0.00000'),
(1127, 'Sys2.0EurGbp19', '2022-05-12', 1, 3, 10, '0.00000'),
(1128, 'Sys1.1Palladium7', '2022-05-13', 2, 2, 3, '0.00000'),
(1129, 'Sys1.0Sugar11', '2022-05-13', 3, 1, 7, '-0.00151'),
(1130, 'Sys2.1Palladium10', '2022-05-13', 2, 4, 3, '0.00000'),
(1131, 'Sys2.0UsdJpy16', '2022-05-24', 3, 3, 8, '0.01940'),
(1132, 'Sys2.0US10yr10', '2022-05-24', 3, 3, 13, '0.00429'),
(1133, 'Sys2.1UsdJpy13', '2022-05-25', 3, 4, 8, '0.03239'),
(1134, 'Sys2.0Fra4017', '2022-05-30', 3, 3, 6, '-0.00091'),
(1135, 'Sys2.1Fra4012', '2022-05-31', 3, 4, 6, '-0.00180'),
(1136, 'Sys2.0Coffee16', '2022-06-01', 1, 3, 9, '0.00000'),
(1137, 'Sys2.1Coffee14', '2022-06-02', 1, 4, 9, '0.00000'),
(1138, 'Sys2.0Copper16', '2022-06-02', 3, 3, 14, '-0.00219'),
(1139, 'Sys2.0Cotton16', '2022-06-02', 3, 3, 4, '0.00153'),
(1140, 'Sys2.1Copper11', '2022-06-03', 3, 4, 14, '-0.00264'),
(1141, 'Sys2.0UsdJpy17', '2022-06-06', 1, 3, 8, '0.00000'),
(1142, 'Sys2.1UsdJpy14', '2022-06-07', 1, 4, 8, '0.00000'),
(1143, 'Sys2.0US10yr11', '2022-06-10', 2, 3, 13, '0.00000'),
(1144, 'Sys2.0Fra4018', '2022-06-13', 2, 3, 6, '0.00000'),
(1145, 'Sys2.1Fra4013', '2022-06-14', 2, 4, 6, '0.00000'),
(1146, 'Sys1.1EurGbp12', '2022-06-15', 1, 2, 10, '0.00000'),
(1147, 'Sys2.1EurGbp16', '2022-06-15', 1, 4, 10, '0.00000'),
(1148, 'Sys2.0Copper17', '2022-06-17', 2, 3, 14, '0.00000'),
(1149, 'Sys2.1Copper12', '2022-06-20', 2, 4, 14, '0.00000'),
(1150, 'Sys2.1Cotton12', '2022-06-23', 3, 4, 4, '-0.00614'),
(1151, 'Sys1.0Sugar12', '2022-06-24', 2, 1, 7, '0.00000'),
(1152, 'Sys2.0Sugar18', '2022-06-24', 2, 3, 7, '0.00000'),
(1153, 'Sys1.1XauUsd8', '2022-06-27', 3, 2, 1, '-0.00337'),
(1154, 'Sys1.0XauUsd8', '2022-06-27', 3, 1, 1, '-0.00337'),
(1155, 'Sys1.1Cotton7', '2022-07-01', 3, 2, 4, '0.01594'),
(1156, 'Sys1.0XauUsd9', '2022-07-01', 2, 1, 1, '0.00000'),
(1157, 'Sys1.0Cotton6', '2022-07-01', 3, 1, 4, '0.01784'),
(1158, 'Sys2.0XauUsd13', '2022-07-01', 2, 3, 1, '0.00000'),
(1159, 'Sys2.0US10yr11', '2022-07-01', 3, 3, 13, '-0.00348'),
(1160, 'Sys1.1Sugar11', '2022-07-05', 2, 2, 7, '0.00000'),
(1161, 'Sys2.1Sugar16', '2022-07-05', 2, 4, 7, '0.00000'),
(1162, 'Sys1.1XauUsd9', '2022-07-06', 2, 2, 1, '0.00000'),
(1163, 'Sys1.0Cotton7', '2022-07-06', 2, 1, 4, '0.00000'),
(1164, 'Sys2.1XauUsd12', '2022-07-06', 2, 4, 1, '0.00000'),
(1165, 'Sys2.0Cotton17', '2022-07-06', 2, 3, 4, '0.00000'),
(1166, 'Sys2.0EUBund13', '2022-07-06', 3, 3, 11, '0.00651'),
(1167, 'Sys1.1Cotton8', '2022-07-07', 2, 2, 4, '0.00000'),
(1168, 'Sys2.1Cotton13', '2022-07-07', 2, 4, 4, '0.00000'),
(1169, 'Sys2.0EurGbp19', '2022-07-07', 3, 3, 10, '-0.00194'),
(1170, 'Sys2.1EurGbp16', '2022-07-08', 3, 4, 10, '-0.00350'),
(1171, 'Sys2.0Palladium12', '2022-07-08', 3, 3, 3, '-0.00023'),
(1172, 'Sys2.0Coffee16', '2022-07-08', 3, 3, 9, '-0.00217'),
(1173, 'Sys2.1Palladium10', '2022-07-11', 3, 4, 3, '-0.00157'),
(1174, 'Sys2.1Coffee14', '2022-07-12', 3, 4, 9, '-0.00286'),
(1175, 'Sys1.1EurGbp12', '2022-07-13', 3, 2, 10, '-0.00414'),
(1176, 'Sys1.1Coffee10', '2022-07-15', 3, 2, 9, '0.01616'),
(1177, 'Sys1.1Coffee11', '2022-07-15', 2, 2, 9, '0.00000'),
(1178, 'Sys1.0Coffee10', '2022-07-15', 3, 1, 9, '0.01779'),
(1179, 'Sys1.0Coffee11', '2022-07-15', 2, 1, 9, '0.00000'),
(1180, 'Sys2.1Coffee15', '2022-07-15', 2, 4, 9, '0.00000'),
(1181, 'Sys2.0Coffee17', '2022-07-15', 2, 3, 9, '0.00000'),
(1182, 'Sys1.1Sugar11', '2022-07-18', 3, 2, 7, '-0.00360'),
(1183, 'Sys2.1Sugar16', '2022-07-18', 3, 4, 7, '-0.00360'),
(1184, 'Sys2.0Sugar18', '2022-07-18', 3, 3, 7, '-0.00269'),
(1185, 'Sys2.0Fra4018', '2022-07-19', 3, 3, 6, '-0.00080'),
(1186, 'Sys2.1Fra4013', '2022-07-20', 3, 4, 6, '-0.00100'),
(1187, 'Sys2.0SP50014', '2022-07-20', 3, 3, 5, '0.00152'),
(1188, 'Sys2.1SP50013', '2022-07-21', 3, 4, 5, '0.00029'),
(1189, 'Sys2.0UKGilt13', '2022-07-22', 3, 3, 12, '0.00214'),
(1190, 'Sys2.1EUBund12', '2022-07-25', 3, 4, 11, '0.02046'),
(1191, 'Sys2.1UKGilt9', '2022-07-25', 3, 4, 12, '0.00157'),
(1192, 'Sys2.0Sugar19', '2022-07-25', 2, 3, 7, '0.00000'),
(1193, 'Sys1.1Sugar12', '2022-07-26', 2, 2, 7, '0.00000'),
(1194, 'Sys2.1Sugar17', '2022-07-26', 2, 4, 7, '0.00000'),
(1195, 'Sys2.0UsdJpy17', '2022-07-28', 3, 3, 8, '0.00278'),
(1196, 'Sys2.1UsdJpy14', '2022-07-29', 3, 4, 8, '0.00220'),
(1197, 'Sys2.1US10yr8', '2022-07-29', 3, 4, 13, '0.00329'),
(1198, 'Sys1.0EurGbp12', '2022-08-01', 3, 1, 10, '-0.00360'),
(1199, 'Sys1.0EurGbp13', '2022-08-02', 2, 1, 10, '0.00000'),
(1200, 'Sys2.0EurGbp20', '2022-08-02', 2, 3, 10, '0.00000'),
(1201, 'Sys2.0Copper17', '2022-08-08', 3, 3, 14, '0.00349'),
(1202, 'Sys2.0Cotton17', '2022-08-09', 3, 3, 4, '-0.00097'),
(1203, 'Sys1.1Palladium7', '2022-08-10', 3, 2, 3, '-0.00222'),
(1204, 'Sys1.0Palladium7', '2022-08-10', 3, 1, 3, '-0.00128'),
(1205, 'Sys1.0Palladium8', '2022-08-10', 1, 1, 3, '0.00000'),
(1206, 'Sys2.1Cotton13', '2022-08-10', 3, 4, 4, '-0.00160'),
(1207, 'Sys2.0Palladium13', '2022-08-10', 1, 3, 3, '0.00000'),
(1208, 'Sys2.0XauUsd13', '2022-08-10', 3, 3, 1, '-0.00050'),
(1209, 'Sys2.0EurUsd15', '2022-08-10', 3, 3, 2, '0.01031'),
(1210, 'Sys2.1Copper12', '2022-08-11', 3, 4, 14, '0.00298'),
(1211, 'Sys2.1EurUsd13', '2022-08-11', 3, 4, 2, '0.00608'),
(1212, 'Sys2.0Coffee17', '2022-08-11', 3, 3, 9, '-0.00322'),
(1213, 'Sys1.1Palladium8', '2022-08-12', 1, 2, 3, '0.00000'),
(1214, 'Sys1.0Coffee11', '2022-08-12', 3, 1, 9, '-0.00361'),
(1215, 'Sys2.1Palladium11', '2022-08-12', 1, 4, 3, '0.00000'),
(1216, 'Sys2.1Coffee15', '2022-08-15', 3, 4, 9, '-0.00321'),
(1217, 'Sys1.1Cotton8', '2022-08-16', 3, 2, 4, '-0.00436'),
(1218, 'Sys1.0Cotton7', '2022-08-16', 3, 1, 4, '-0.00404'),
(1219, 'Sys2.0EurUsd16', '2022-08-22', 2, 3, 2, '0.00000'),
(1220, 'Sys2.1EurUsd14', '2022-08-23', 2, 4, 2, '0.00000'),
(1221, 'Sys1.1Coffee11', '2022-08-24', 3, 2, 9, '-0.00352'),
(1222, 'Sys1.0Coffee12', '2022-08-24', 1, 1, 9, '0.00000'),
(1223, 'Sys2.0Coffee18', '2022-08-24', 1, 3, 9, '0.00000'),
(1224, 'Sys1.1Coffee12', '2022-08-25', 1, 2, 9, '0.00000'),
(1225, 'Sys2.1Coffee16', '2022-08-25', 1, 4, 9, '0.00000'),
(1226, 'Sys1.1Palladium8', '2022-08-29', 3, 2, 3, '-0.00126'),
(1227, 'Sys1.0Palladium8', '2022-08-29', 3, 1, 3, '-0.00125'),
(1228, 'Sys2.1Palladium11', '2022-08-29', 3, 4, 3, '-0.00126'),
(1229, 'Sys2.0Palladium13', '2022-08-29', 3, 3, 3, '-0.00123'),
(1230, 'Sys2.0EurGbp20', '2022-08-29', 3, 3, 10, '-0.00295'),
(1231, 'Sys1.0EurGbp13', '2022-08-30', 3, 1, 10, '-0.00304'),
(1232, 'Sys2.0UKGilt14', '2022-08-30', 2, 3, 12, '0.00000'),
(1233, 'Sys2.1UKGilt10', '2022-08-31', 2, 4, 12, '0.00000'),
(1234, 'Sys2.0UsdJpy18', '2022-09-01', 1, 3, 8, '0.00000'),
(1235, 'Sys2.0US10yr12', '2022-09-01', 2, 3, 13, '0.00000'),
(1236, 'Sys2.1UsdJpy15', '2022-09-02', 1, 4, 8, '0.00000'),
(1237, 'Sys2.1US10yr9', '2022-09-02', 2, 4, 13, '0.00000'),
(1238, 'Sys1.0EurGbp14', '2022-09-07', 1, 1, 10, '0.00000'),
(1239, 'Sys2.0EurGbp21', '2022-09-07', 1, 3, 10, '0.00000'),
(1240, 'Sys1.1EurGbp13', '2022-09-09', 1, 2, 10, '0.00000'),
(1241, 'Sys2.1EurGbp17', '2022-09-09', 1, 4, 10, '0.00000'),
(1242, 'Sys2.0EUBund14', '2022-09-09', 2, 3, 11, '0.00000'),
(1243, 'Sys2.1EUBund13', '2022-09-12', 2, 4, 11, '0.00000'),
(1244, 'Sys2.0XauUsd14', '2022-09-15', 2, 3, 1, '0.00000'),
(1245, 'Sys1.1Coffee12', '2022-09-19', 3, 2, 9, '-0.00284'),
(1246, 'Sys1.0Coffee12', '2022-09-19', 3, 1, 9, '-0.00253'),
(1247, 'Sys2.1Coffee16', '2022-09-19', 3, 4, 9, '-0.00282'),
(1248, 'Sys2.0Coffee18', '2022-09-19', 3, 3, 9, '-0.00250'),
(1249, 'Sys2.0SP50015', '2022-09-23', 2, 3, 5, '0.00000'),
(1250, 'Sys2.0Fra4019', '2022-09-23', 2, 3, 6, '0.00000'),
(1251, 'Sys2.0Sugar19', '2022-09-23', 3, 3, 7, '-0.00184'),
(1252, 'Sys2.1SP50014', '2022-09-26', 2, 4, 5, '0.00000'),
(1253, 'Sys2.1Fra4014', '2022-09-26', 2, 4, 6, '0.00000'),
(1254, 'Sys2.0Copper18', '2022-09-28', 2, 3, 14, '0.00000'),
(1255, 'Sys1.0Cotton8', '2022-09-29', 2, 1, 4, '0.00000'),
(1256, 'Sys2.0Cotton18', '2022-09-29', 2, 3, 4, '0.00000'),
(1257, 'Sys1.1Cotton9', '2022-09-30', 2, 2, 4, '0.00000'),
(1258, 'Sys2.1Cotton14', '2022-09-30', 2, 4, 4, '0.00000'),
(1259, 'Sys1.0Palladium9', '2022-10-04', 1, 1, 3, '0.00000'),
(1260, 'Sys2.0Palladium14', '2022-10-04', 1, 3, 3, '0.00000'),
(1261, 'Sys1.1Palladium9', '2022-10-05', 1, 2, 3, '0.00000'),
(1262, 'Sys2.1Palladium12', '2022-10-05', 1, 4, 3, '0.00000'),
(1263, 'Sys1.0Coffee13', '2022-10-13', 2, 1, 9, '0.00000'),
(1264, 'Sys2.0Palladium14', '2022-10-13', 3, 3, 3, '-0.00218'),
(1265, 'Sys2.0EurGbp21', '2022-10-13', 3, 3, 10, '-0.00121'),
(1266, 'Sys2.0Coffee19', '2022-10-13', 2, 3, 9, '0.00000'),
(1267, 'Sys1.1Coffee13', '2022-10-14', 2, 2, 9, '0.00000'),
(1268, 'Sys2.1Coffee17', '2022-10-14', 2, 4, 9, '0.00000'),
(1269, 'Sys2.1Palladium12', '2022-10-17', 3, 4, 3, '-0.00264'),
(1270, 'Sys1.1Palladium9', '2022-10-20', 3, 2, 3, '-0.00279'),
(1271, 'Sys1.0Palladium9', '2022-10-20', 3, 1, 3, '-0.00249'),
(1272, 'Sys2.0Fra4019', '2022-10-24', 3, 3, 6, '-0.00160'),
(1273, 'Sys1.0Palladium10', '2022-10-25', 2, 1, 3, '0.00000'),
(1274, 'Sys2.1Fra4014', '2022-10-25', 3, 4, 6, '-0.00268'),
(1275, 'Sys2.0Palladium15', '2022-10-25', 2, 3, 3, '0.00000'),
(1276, 'Sys1.1Palladium10', '2022-10-26', 2, 2, 3, '0.00000'),
(1277, 'Sys2.1Palladium13', '2022-10-26', 2, 4, 3, '0.00000'),
(1278, 'Sys2.0EurUsd16', '2022-10-26', 3, 3, 2, '-0.00050'),
(1279, 'Sys2.1EurUsd14', '2022-10-27', 3, 4, 2, '-0.00138'),
(1280, 'Sys2.0SP50015', '2022-10-28', 3, 3, 5, '-0.00154'),
(1281, 'Sys2.1SP50014', '2022-10-31', 3, 4, 5, '-0.00233'),
(1282, 'Sys2.0Copper18', '2022-11-04', 3, 3, 14, '-0.00323'),
(1283, 'Sys2.1Sugar17', '2022-11-09', 3, 4, 7, '-0.00270'),
(1284, 'Sys2.0XauUsd14', '2022-11-10', 3, 3, 1, '-0.00201'),
(1285, 'Sys2.0UsdJpy18', '2022-11-10', 3, 3, 8, '0.00399'),
(1286, 'Sys2.0UKGilt14', '2022-11-10', 3, 3, 12, '0.00455'),
(1287, 'Sys1.1Sugar12', '2022-11-11', 3, 2, 7, '-0.00373'),
(1288, 'Sys1.0Sugar12', '2022-11-11', 3, 1, 7, '-0.00356'),
(1289, 'Sys2.1XauUsd12', '2022-11-11', 3, 4, 1, '0.00043'),
(1290, 'Sys2.1UsdJpy15', '2022-11-11', 3, 4, 8, '0.00060'),
(1291, 'Sys2.1UKGilt10', '2022-11-11', 3, 4, 12, '0.00412'),
(1292, 'Sys2.0US10yr12', '2022-11-11', 3, 3, 13, '0.00432'),
(1293, 'Sys1.1Sugar13', '2022-11-14', 1, 2, 7, '0.00000'),
(1294, 'Sys1.0Sugar13', '2022-11-14', 1, 1, 7, '0.00000'),
(1295, 'Sys2.1Sugar18', '2022-11-14', 1, 4, 7, '0.00000'),
(1296, 'Sys2.0Sugar20', '2022-11-14', 1, 3, 7, '0.00000'),
(1297, 'Sys2.1US10yr9', '2022-11-16', 3, 4, 13, '0.00380'),
(1298, 'Sys2.0Cotton18', '2022-11-16', 3, 3, 4, '-0.00089'),
(1299, 'Sys2.0EUBund14', '2022-11-16', 3, 3, 11, '0.00138'),
(1300, 'Sys1.1Fra409', '2022-11-17', 3, 2, 6, '-0.00218'),
(1301, 'Sys1.0Fra409', '2022-11-17', 3, 1, 6, '-0.00125'),
(1302, 'Sys1.0Fra4010', '2022-11-24', 1, 1, 6, '0.00000'),
(1303, 'Sys2.1EUBund13', '2022-11-24', 3, 4, 11, '0.00108'),
(1304, 'Sys2.0Fra4020', '2022-11-24', 1, 3, 6, '0.00000'),
(1305, 'Sys1.1Fra4010', '2022-11-25', 1, 2, 6, '0.00000'),
(1306, 'Sys2.1Fra4015', '2022-11-25', 1, 4, 6, '0.00000'),
(1307, 'Sys1.1EurUsd4', '2022-12-15', 3, 2, 2, '0.01745'),
(1308, 'Sys1.1EurUsd5', '2022-12-15', 1, 2, 2, '0.00000'),
(1309, 'Sys1.0EurUsd5', '2022-12-15', 3, 1, 2, '0.01715'),
(1310, 'Sys1.0EurUsd6', '2022-12-15', 1, 1, 2, '0.00000'),
(1311, 'Sys2.1EurUsd15', '2022-12-15', 1, 4, 2, '0.00000'),
(1312, 'Sys2.0EurUsd17', '2022-12-15', 1, 3, 2, '0.00000'),
(1313, 'Sys2.0Fra4020', '2022-12-16', 3, 3, 6, '-0.00168'),
(1314, 'Sys2.0Coffee19', '2022-12-16', 3, 3, 9, '0.00393'),
(1315, 'Sys2.1Fra4015', '2022-12-19', 3, 4, 6, '-0.00200'),
(1316, 'Sys2.0EurGbp22', '2022-12-22', 1, 3, 10, '0.00000'),
(1317, 'Sys2.0EUBund15', '2022-12-27', 2, 3, 11, '0.00000'),
(1318, 'Sys2.1EUBund14', '2022-12-28', 2, 4, 11, '0.00000'),
(1319, 'Sys1.1SP5007', '2022-12-30', 3, 2, 5, '0.00101'),
(1320, 'Sys1.1Fra4010', '2022-12-30', 3, 2, 6, '-0.00213'),
(1321, 'Sys1.1Palladium10', '2022-12-30', 3, 2, 3, '0.00119'),
(1322, 'Sys1.1XauUsd9', '2022-12-30', 3, 2, 1, '-0.00248'),
(1323, 'Sys1.1Copper7', '2022-12-30', 3, 2, 14, '0.00265'),
(1324, 'Sys1.1EurGbp13', '2022-12-30', 3, 2, 10, '0.00148'),
(1325, 'Sys1.1EurUsd5', '2022-12-30', 3, 2, 2, '0.00006'),
(1326, 'Sys1.1UsdJpy9', '2022-12-30', 3, 2, 8, '0.04697'),
(1327, 'Sys1.1Coffee13', '2022-12-30', 3, 2, 9, '0.00398'),
(1328, 'Sys1.1Sugar13', '2022-12-30', 3, 2, 7, '0.00098'),
(1329, 'Sys1.1Cotton9', '2022-12-30', 3, 2, 4, '0.00040'),
(1330, 'Sys1.1EUBund8', '2022-12-30', 3, 2, 11, '0.05008'),
(1331, 'Sys1.1UKGilt4', '2022-12-30', 3, 2, 12, '0.08059'),
(1332, 'Sys1.1US10yr4', '2022-12-30', 3, 2, 13, '0.05926'),
(1333, 'Sys1.0SP5008', '2022-12-30', 3, 1, 5, '0.00233'),
(1334, 'Sys1.0Fra4010', '2022-12-30', 3, 1, 6, '-0.00199'),
(1335, 'Sys1.0Palladium10', '2022-12-30', 3, 1, 3, '0.00135'),
(1336, 'Sys1.0XauUsd9', '2022-12-30', 3, 1, 1, '-0.00135'),
(1337, 'Sys1.0Copper8', '2022-12-30', 3, 1, 14, '0.00267'),
(1338, 'Sys1.0EurGbp14', '2022-12-30', 3, 1, 10, '0.00170'),
(1339, 'Sys1.0EurUsd6', '2022-12-30', 3, 1, 2, '-0.00006'),
(1340, 'Sys1.0UsdJpy10', '2022-12-30', 3, 1, 8, '0.04678'),
(1341, 'Sys1.0Coffee13', '2022-12-30', 3, 1, 9, '0.00459'),
(1342, 'Sys1.0Sugar13', '2022-12-30', 3, 1, 7, '0.00044'),
(1343, 'Sys1.0Cotton8', '2022-12-30', 3, 1, 4, '0.00043'),
(1344, 'Sys1.0EUBund8', '2022-12-30', 3, 1, 11, '0.05025'),
(1345, 'Sys1.0UKGilt4', '2022-12-30', 3, 1, 12, '0.05296'),
(1346, 'Sys1.0US10yr5', '2022-12-30', 3, 1, 13, '0.05910'),
(1347, 'Sys2.1Palladium13', '2022-12-30', 3, 4, 3, '0.00119'),
(1348, 'Sys2.1EurGbp17', '2022-12-30', 3, 4, 10, '0.00147'),
(1349, 'Sys2.1EurUsd15', '2022-12-30', 3, 4, 2, '0.00006'),
(1350, 'Sys2.1Coffee17', '2022-12-30', 3, 4, 9, '0.00408'),
(1351, 'Sys2.1Sugar18', '2022-12-30', 3, 4, 7, '0.00098'),
(1352, 'Sys2.1Cotton14', '2022-12-30', 3, 4, 4, '0.00040'),
(1353, 'Sys2.1EUBund14', '2022-12-30', 3, 4, 11, '0.00037'),
(1354, 'Sys2.0Palladium15', '2022-12-30', 3, 3, 3, '0.00150'),
(1355, 'Sys2.0EurGbp22', '2022-12-30', 3, 3, 10, '0.00019'),
(1356, 'Sys2.0EurUsd17', '2022-12-30', 3, 3, 2, '-0.00006'),
(1357, 'Sys2.0Sugar20', '2022-12-30', 3, 3, 7, '0.00044'),
(1358, 'Sys2.0EUBund15', '2022-12-30', 3, 3, 11, '0.00073');

-- --------------------------------------------------------

--
-- Table structure for table `Trading_System`
--

CREATE TABLE `Trading_System` (
  `system_id` int NOT NULL,
  `system_description_entry` varchar(150) DEFAULT NULL,
  `system_description_exit` varchar(150) DEFAULT NULL,
  `system_description_trend` varchar(150) DEFAULT NULL,
  `system_code` decimal(3,2) DEFAULT NULL,
  `system_name` varchar(20) DEFAULT NULL,
  `winrate` decimal(5,4) DEFAULT NULL,
  `rr_ratio` decimal(4,2) DEFAULT NULL
) ENGINE=InnoDB DEFAULT CHARSET=utf8mb4 COLLATE=utf8mb4_0900_ai_ci;

--
-- Dumping data for table `Trading_System`
--

INSERT INTO `Trading_System` (`system_id`, `system_description_entry`, `system_description_exit`, `system_description_trend`, `system_code`, `system_name`, `winrate`, `rr_ratio`) VALUES
(1, 'Entry-  the markets current price breaks above or below the 50 period channel of the last candle', '  Exit- Price either crosses the stop loss or there is a change in trend', ' Trend-  crossing of the 10 and 250 ma up or down to signify an uptrend or downtrend respectively.', '1.00', 'Long Trend Instant', NULL, NULL),
(2, 'Entry-  close of the markets previous days price above or below the 50 period channel of the last 2 candles', '  Exit- Price crosses the stop loss or there is a change in trend', ' Trend-  crossing of the 10 and 250 ma up or down to signify an uptrend or downtrend respectively.', '1.10', 'Long Trend Close', NULL, NULL),
(3, 'Entry-  the markets current price breaks above or below the 50 period channel of the last candle', '  Exit- Price either crosses the stop loss or breaks below or above 25 period channel of the last 2 candles depending on the trend', ' Trend-  crossing of the 10 and 250 ma up or down to signify an uptrend or downtrend respectively.', '2.00', '50 CB Instant', NULL, NULL),
(4, 'Entry-  close of the markets previous days price above or below the 50 period channel of the last 2 candles', '  Exit- Price either crosses the stop loss or breaks below or above 25 period channel of the last 2 candles depending on the trend', ' Trend-  crossing of the 10 and 250 ma up or down to signify an uptrend or downtrend respectively.', '2.10', '50 CB Close', NULL, NULL);

-- --------------------------------------------------------

--
-- Structure for view `dataset_2018`
--
DROP TABLE IF EXISTS `dataset_2018`;

CREATE ALGORITHM=UNDEFINED DEFINER=`root`@`%` SQL SECURITY DEFINER VIEW `dataset_2018`  AS  with `closed_trades` as (select `tro`.`trade_id` AS `trade_id`,`tro`.`trade_identifier` AS `trade_identifier`,`tro`.`trade_date` AS `trade_date`,`op`.`op_type` AS `op_type`,`tro`.`system_id` AS `system_id`,`tro`.`market_id` AS `market_id`,`tro`.`profit` AS `profit` from (`Trading_operation` `tro` left join `Operation` `op` on((`tro`.`operation_id` = `op`.`op_id`))) where (`op`.`op_type` = 'close')), `market_sector` as (select `m`.`market_id` AS `market_id`,`m`.`market_name` AS `market`,`s`.`sector_name` AS `sector` from (`Market` `m` left join `Sector` `s` on((`m`.`sector_id` = `s`.`sector_id`)))), `system_identifier` as (select `ts`.`system_id` AS `system_id`,`ts`.`system_code` AS `system_code`,`ts`.`system_name` AS `system_name` from `Trading_System` `ts`) select `ct`.`trade_id` AS `trade_id`,`ct`.`trade_identifier` AS `trade_identifier`,`ct`.`trade_date` AS `trade_date`,`ct`.`op_type` AS `op_type`,`si`.`system_code` AS `system_code`,`si`.`system_name` AS `system_name`,`ct`.`profit` AS `profit`,`ms`.`market` AS `market`,`ms`.`sector` AS `sector` from ((`closed_trades` `ct` left join `market_sector` `ms` on((`ct`.`market_id` = `ms`.`market_id`))) left join `system_identifier` `si` on((`ct`.`system_id` = `si`.`system_id`))) where (`ct`.`trade_date` like '2018%') ;

-- --------------------------------------------------------

--
-- Structure for view `dataset_2019`
--
DROP TABLE IF EXISTS `dataset_2019`;

CREATE ALGORITHM=UNDEFINED DEFINER=`root`@`%` SQL SECURITY DEFINER VIEW `dataset_2019`  AS  with `closed_trades` as (select `tro`.`trade_id` AS `trade_id`,`tro`.`trade_identifier` AS `trade_identifier`,`tro`.`trade_date` AS `trade_date`,`op`.`op_type` AS `op_type`,`tro`.`system_id` AS `system_id`,`tro`.`market_id` AS `market_id`,`tro`.`profit` AS `profit` from (`Trading_operation` `tro` left join `Operation` `op` on((`tro`.`operation_id` = `op`.`op_id`))) where (`op`.`op_type` = 'close')), `market_sector` as (select `m`.`market_id` AS `market_id`,`m`.`market_name` AS `market`,`s`.`sector_name` AS `sector` from (`Market` `m` left join `Sector` `s` on((`m`.`sector_id` = `s`.`sector_id`)))), `system_identifier` as (select `ts`.`system_id` AS `system_id`,`ts`.`system_code` AS `system_code`,`ts`.`system_name` AS `system_name` from `Trading_System` `ts`) select `ct`.`trade_id` AS `trade_id`,`ct`.`trade_identifier` AS `trade_identifier`,`ct`.`trade_date` AS `trade_date`,`ct`.`op_type` AS `op_type`,`si`.`system_code` AS `system_code`,`si`.`system_name` AS `system_name`,`ct`.`profit` AS `profit`,`ms`.`market` AS `market`,`ms`.`sector` AS `sector` from ((`closed_trades` `ct` left join `market_sector` `ms` on((`ct`.`market_id` = `ms`.`market_id`))) left join `system_identifier` `si` on((`ct`.`system_id` = `si`.`system_id`))) where (`ct`.`trade_date` like '2019%') ;

-- --------------------------------------------------------

--
-- Structure for view `dataset_2020`
--
DROP TABLE IF EXISTS `dataset_2020`;

CREATE ALGORITHM=UNDEFINED DEFINER=`root`@`%` SQL SECURITY DEFINER VIEW `dataset_2020`  AS  with `closed_trades` as (select `tro`.`trade_id` AS `trade_id`,`tro`.`trade_identifier` AS `trade_identifier`,`tro`.`trade_date` AS `trade_date`,`op`.`op_type` AS `op_type`,`tro`.`system_id` AS `system_id`,`tro`.`market_id` AS `market_id`,`tro`.`profit` AS `profit` from (`Trading_operation` `tro` left join `Operation` `op` on((`tro`.`operation_id` = `op`.`op_id`))) where (`op`.`op_type` = 'close')), `market_sector` as (select `m`.`market_id` AS `market_id`,`m`.`market_name` AS `market`,`s`.`sector_name` AS `sector` from (`Market` `m` left join `Sector` `s` on((`m`.`sector_id` = `s`.`sector_id`)))), `system_identifier` as (select `ts`.`system_id` AS `system_id`,`ts`.`system_code` AS `system_code`,`ts`.`system_name` AS `system_name` from `Trading_System` `ts`) select `ct`.`trade_id` AS `trade_id`,`ct`.`trade_identifier` AS `trade_identifier`,`ct`.`trade_date` AS `trade_date`,`ct`.`op_type` AS `op_type`,`si`.`system_code` AS `system_code`,`si`.`system_name` AS `system_name`,`ct`.`profit` AS `profit`,`ms`.`market` AS `market`,`ms`.`sector` AS `sector` from ((`closed_trades` `ct` left join `market_sector` `ms` on((`ct`.`market_id` = `ms`.`market_id`))) left join `system_identifier` `si` on((`ct`.`system_id` = `si`.`system_id`))) where (`ct`.`trade_date` like '2020%') ;

-- --------------------------------------------------------

--
-- Structure for view `dataset_2021`
--
DROP TABLE IF EXISTS `dataset_2021`;

CREATE ALGORITHM=UNDEFINED DEFINER=`root`@`%` SQL SECURITY DEFINER VIEW `dataset_2021`  AS  with `closed_trades` as (select `tro`.`trade_id` AS `trade_id`,`tro`.`trade_identifier` AS `trade_identifier`,`tro`.`trade_date` AS `trade_date`,`op`.`op_type` AS `op_type`,`tro`.`system_id` AS `system_id`,`tro`.`market_id` AS `market_id`,`tro`.`profit` AS `profit` from (`Trading_operation` `tro` left join `Operation` `op` on((`tro`.`operation_id` = `op`.`op_id`))) where (`op`.`op_type` = 'close')), `market_sector` as (select `m`.`market_id` AS `market_id`,`m`.`market_name` AS `market`,`s`.`sector_name` AS `sector` from (`Market` `m` left join `Sector` `s` on((`m`.`sector_id` = `s`.`sector_id`)))), `system_identifier` as (select `ts`.`system_id` AS `system_id`,`ts`.`system_code` AS `system_code`,`ts`.`system_name` AS `system_name` from `Trading_System` `ts`) select `ct`.`trade_id` AS `trade_id`,`ct`.`trade_identifier` AS `trade_identifier`,`ct`.`trade_date` AS `trade_date`,`ct`.`op_type` AS `op_type`,`si`.`system_code` AS `system_code`,`si`.`system_name` AS `system_name`,`ct`.`profit` AS `profit`,`ms`.`market` AS `market`,`ms`.`sector` AS `sector` from ((`closed_trades` `ct` left join `market_sector` `ms` on((`ct`.`market_id` = `ms`.`market_id`))) left join `system_identifier` `si` on((`ct`.`system_id` = `si`.`system_id`))) where (`ct`.`trade_date` like '2021%') ;

-- --------------------------------------------------------

--
-- Structure for view `dataset_2022`
--
DROP TABLE IF EXISTS `dataset_2022`;

CREATE ALGORITHM=UNDEFINED DEFINER=`root`@`%` SQL SECURITY DEFINER VIEW `dataset_2022`  AS  with `closed_trades` as (select `tro`.`trade_id` AS `trade_id`,`tro`.`trade_identifier` AS `trade_identifier`,`tro`.`trade_date` AS `trade_date`,`op`.`op_type` AS `op_type`,`tro`.`system_id` AS `system_id`,`tro`.`market_id` AS `market_id`,`tro`.`profit` AS `profit` from (`Trading_operation` `tro` left join `Operation` `op` on((`tro`.`operation_id` = `op`.`op_id`))) where (`op`.`op_type` = 'close')), `market_sector` as (select `m`.`market_id` AS `market_id`,`m`.`market_name` AS `market`,`s`.`sector_name` AS `sector` from (`Market` `m` left join `Sector` `s` on((`m`.`sector_id` = `s`.`sector_id`)))), `system_identifier` as (select `ts`.`system_id` AS `system_id`,`ts`.`system_code` AS `system_code`,`ts`.`system_name` AS `system_name` from `Trading_System` `ts`) select `ct`.`trade_id` AS `trade_id`,`ct`.`trade_identifier` AS `trade_identifier`,`ct`.`trade_date` AS `trade_date`,`ct`.`op_type` AS `op_type`,`si`.`system_code` AS `system_code`,`si`.`system_name` AS `system_name`,`ct`.`profit` AS `profit`,`ms`.`market` AS `market`,`ms`.`sector` AS `sector` from ((`closed_trades` `ct` left join `market_sector` `ms` on((`ct`.`market_id` = `ms`.`market_id`))) left join `system_identifier` `si` on((`ct`.`system_id` = `si`.`system_id`))) where (`ct`.`trade_date` like '2022%') ;

-- --------------------------------------------------------

--
-- Structure for view `todays_closed_trades`
--
DROP TABLE IF EXISTS `todays_closed_trades`;

CREATE ALGORITHM=UNDEFINED DEFINER=`root`@`%` SQL SECURITY DEFINER VIEW `todays_closed_trades`  AS  with `closed_trades` as (select `tro`.`trade_id` AS `trade_id`,`tro`.`trade_identifier` AS `trade_identifier`,`tro`.`trade_date` AS `trade_date`,`op`.`op_type` AS `op_type`,`tro`.`system_id` AS `system_id`,`tro`.`market_id` AS `market_id`,`tro`.`profit` AS `profit` from (`Trading_operation` `tro` left join `Operation` `op` on((`tro`.`operation_id` = `op`.`op_id`))) where (`op`.`op_type` = 'close')), `market_sector` as (select `m`.`market_id` AS `market_id`,`m`.`market_name` AS `market`,`s`.`sector_name` AS `sector` from (`Market` `m` left join `Sector` `s` on((`m`.`sector_id` = `s`.`sector_id`)))), `system_identifier` as (select `ts`.`system_id` AS `system_id`,`ts`.`system_code` AS `system_code`,`ts`.`system_name` AS `system_name` from `Trading_System` `ts`) select `ct`.`trade_id` AS `trade_id`,`ct`.`trade_identifier` AS `trade_identifier`,`ct`.`trade_date` AS `trade_date`,`ct`.`op_type` AS `op_type`,`si`.`system_code` AS `system_code`,`si`.`system_name` AS `system_name`,`ct`.`profit` AS `profit`,`ms`.`market` AS `market`,`ms`.`sector` AS `sector` from ((`closed_trades` `ct` left join `market_sector` `ms` on((`ct`.`market_id` = `ms`.`market_id`))) left join `system_identifier` `si` on((`ct`.`system_id` = `si`.`system_id`))) where (`ct`.`trade_date` = curdate()) ;

--
-- Indexes for dumped tables
--

--
-- Indexes for table `Market`
--
ALTER TABLE `Market`
  ADD PRIMARY KEY (`market_id`);

--
-- Indexes for table `Operation`
--
ALTER TABLE `Operation`
  ADD PRIMARY KEY (`op_id`);

--
-- Indexes for table `Sector`
--
ALTER TABLE `Sector`
  ADD PRIMARY KEY (`sector_id`);

--
-- Indexes for table `Trading_operation`
--
ALTER TABLE `Trading_operation`
  ADD PRIMARY KEY (`trade_id`),
  ADD KEY `trade_date_ind` (`trade_date`);

--
-- Indexes for table `Trading_System`
--
ALTER TABLE `Trading_System`
  ADD PRIMARY KEY (`system_id`);

--
-- AUTO_INCREMENT for dumped tables
--

--
-- AUTO_INCREMENT for table `Market`
--
ALTER TABLE `Market`
  MODIFY `market_id` int NOT NULL AUTO_INCREMENT, AUTO_INCREMENT=16;

--
-- AUTO_INCREMENT for table `Operation`
--
ALTER TABLE `Operation`
  MODIFY `op_id` int NOT NULL AUTO_INCREMENT, AUTO_INCREMENT=4;

--
-- AUTO_INCREMENT for table `Sector`
--
ALTER TABLE `Sector`
  MODIFY `sector_id` int NOT NULL AUTO_INCREMENT, AUTO_INCREMENT=8;

--
-- AUTO_INCREMENT for table `Trading_operation`
--
ALTER TABLE `Trading_operation`
  MODIFY `trade_id` int NOT NULL AUTO_INCREMENT, AUTO_INCREMENT=2048;

--
-- AUTO_INCREMENT for table `Trading_System`
--
ALTER TABLE `Trading_System`
  MODIFY `system_id` int NOT NULL AUTO_INCREMENT, AUTO_INCREMENT=8;
COMMIT;
